lon,lat,frequency,risk
-81.25,19.3,0.50,0.00
-81.35,19.35,0.63,0.00
-81.25,19.35,0.38,0.38
-81.2,19.35,0.38,0.38
-81.15,19.35,0.38,0.38
-81.1,19.35,0.38,0.38
-81.25,19.4,0.38,0.38
-73,19.65,0.00,0.00
-80.05,19.7,0.50,1.50
-73.4,19.7,0.00,0.00
-73.35,19.7,0.00,0.00
-73.3,19.7,0.00,0.00
-73.25,19.7,0.00,0.00
-73.2,19.7,0.00,0.00
-73.15,19.7,0.00,0.00
-73.1,19.7,0.00,0.00
-73.05,19.7,0.00,0.00
-73,19.7,0.00,0.00
-73.25,19.75,0.88,0.00
-73.2,19.75,0.88,0.00
-79.8,19.75,0.13,0.00
-79.75,19.75,0.13,0.00
-73.15,19.75,0.13,0.00
-73,19.75,0.13,0.00
-73.4,19.75,0.00,0.00
-73.35,19.75,0.00,0.00
-73.3,19.75,0.00,0.00
-73.1,19.75,0.00,0.00
-73.05,19.75,0.00,0.00
-73.15,19.8,0.88,0.00
-73.3,19.8,0.38,0.00
-73.2,19.8,0.38,0.00
-73.25,19.8,0.13,0.00
-73.1,19.8,0.13,0.00
-73.05,19.8,0.13,0.25
-73.4,19.8,0.00,0.00
-73.35,19.8,0.00,0.00
-73,19.8,0.00,0.00
-73,19.85,0.63,0.00
-73.2,19.85,0.50,0.00
-73.15,19.85,0.38,0.00
-73.05,19.85,0.38,0.00
-73.3,19.85,0.25,0.00
-73.25,19.85,0.25,0.00
-73.1,19.85,0.13,0.00
-77.6,19.9,0.75,2.25
-77.55,19.9,0.75,0.00
-73.2,19.9,0.50,1.00
-77.7,19.9,0.38,0.00
-77.5,19.9,0.38,0.75
-73.1,19.9,0.38,0.75
-73,19.9,0.38,0.75
-77.45,19.9,0.25,0.00
-77.35,19.9,0.25,0.00
-73.15,19.9,0.25,0.00
-73.05,19.9,0.25,0.50
-77.65,19.9,0.00,0.00
-77.4,19.9,0.00,0.00
-75.25,19.95,0.88,1.75
-77.65,19.95,0.75,2.25
-75.4,19.95,0.75,0.00
-75.3,19.95,0.75,1.50
-75.45,19.95,0.63,0.00
-75.35,19.95,0.63,1.25
-73.1,19.95,0.63,1.25
-73,19.95,0.63,0.00
-73.15,19.95,0.50,0.00
-75.6,19.95,0.38,0.00
-75.5,19.95,0.38,0.75
-77.45,19.95,0.25,0.00
-77.4,19.95,0.25,0.00
-77.35,19.95,0.25,0.00
-77.2,19.95,0.25,0.00
-76.9,19.95,0.25,0.00
-75.55,19.95,0.25,0.00
-77.6,19.95,0.13,0.00
-77.55,19.95,0.13,0.00
-77.5,19.95,0.13,0.00
-77.3,19.95,0.13,0.00
-77.25,19.95,0.13,0.00
-77.15,19.95,0.13,0.00
-77.1,19.95,0.13,0.00
-77.05,19.95,0.13,0.00
-77,19.95,0.13,0.00
-76.95,19.95,0.13,0.25
-75.2,19.95,0.00,0.00
-75.1,19.95,0.00,0.00
-75.05,19.95,0.00,0.00
-75,19.95,0.00,0.00
-75.25,20,0.88,0.00
-75.55,20,0.38,0.75
-77.45,20,0.25,0.00
-76.45,20,0.25,0.50
-75.95,20,0.25,0.00
-75.8,20,0.25,0.00
-75.75,20,0.25,0.00
-75.65,20,0.25,0.00
-75.5,20,0.25,0.00
-75.4,20,0.25,0.00
-77.6,20,0.13,0.00
-77.55,20,0.13,0.00
-77.5,20,0.13,0.00
-77.4,20,0.13,0.00
-77.35,20,0.13,0.00
-77.3,20,0.13,0.00
-77.25,20,0.13,0.00
-77.2,20,0.13,0.00
-77.15,20,0.13,0.00
-77.1,20,0.13,0.00
-77.05,20,0.13,0.00
-77,20,0.13,0.00
-76.95,20,0.13,0.00
-76.9,20,0.13,0.00
-76.6,20,0.13,0.00
-76.55,20,0.13,0.00
-76.5,20,0.13,0.00
-76.4,20,0.13,0.00
-76.35,20,0.13,0.00
-76.05,20,0.13,0.00
-76,20,0.13,0.00
-75.9,20,0.13,0.00
-75.7,20,0.13,0.00
-75.6,20,0.13,0.00
-75.45,20,0.13,0.00
-75.35,20,0.13,0.00
-75.3,20,0.13,0.25
-76.85,20,0.00,0.00
-76.8,20,0.00,0.00
-76.75,20,0.00,0.00
-76.7,20,0.00,0.00
-76.65,20,0.00,0.00
-75.2,20,0.00,0.00
-75.15,20,0.00,0.00
-75.1,20,0.00,0.00
-75.05,20,0.00,0.00
-75,20,0.00,0.00
-74.95,20,0.00,0.00
-76.85,20.05,0.88,0.00
-76.9,20.05,0.75,0.00
-76.6,20.05,0.75,0.00
-74.9,20.05,0.75,2.25
-76.5,20.05,0.50,0.00
-75.75,20.05,0.38,0.75
-75.7,20.05,0.38,0.75
-77.6,20.05,0.25,0.00
-76.05,20.05,0.25,0.25
-75.8,20.05,0.25,0.50
-75.65,20.05,0.25,0.50
-75.25,20.05,0.25,0.50
-77.45,20.05,0.13,0.00
-77.35,20.05,0.13,0.00
-77.3,20.05,0.13,0.00
-77.2,20.05,0.13,0.00
-77.15,20.05,0.13,0.00
-77.1,20.05,0.13,0.00
-77.05,20.05,0.13,0.00
-77,20.05,0.13,0.00
-76.95,20.05,0.13,0.00
-76.8,20.05,0.13,0.00
-76.75,20.05,0.13,0.00
-76.55,20.05,0.13,0.00
-76.45,20.05,0.13,0.00
-76.4,20.05,0.13,0.00
-76.35,20.05,0.13,0.00
-76.3,20.05,0.13,0.00
-76.2,20.05,0.13,0.00
-76.15,20.05,0.13,0.00
-76.1,20.05,0.13,0.00
-75.55,20.05,0.13,0.00
-75.5,20.05,0.13,0.00
-75.45,20.05,0.13,0.00
-75.35,20.05,0.13,0.00
-75.3,20.05,0.13,0.00
-77.55,20.05,0.00,0.00
-77.5,20.05,0.00,0.00
-77.4,20.05,0.00,0.00
-77.25,20.05,0.00,0.00
-76.7,20.05,0.00,0.00
-76.65,20.05,0.00,0.00
-76.25,20.05,0.00,0.00
-76,20.05,0.00,0.00
-75.95,20.05,0.00,0.00
-75.9,20.05,0.00,0.00
-75.85,20.05,0.00,0.00
-75.6,20.05,0.00,0.00
-75.4,20.05,0.00,0.00
-75.2,20.05,0.00,0.00
-75.05,20.05,0.00,0.00
-75,20.05,0.00,0.00
-74.95,20.05,0.00,0.00
-74.85,20.05,0.00,0.00
-76.9,20.1,1.00,0.00
-76.85,20.1,1.00,0.00
-76.45,20.1,1.00,0.00
-77.05,20.1,0.88,0.88
-76.5,20.1,0.75,0.00
-74.9,20.1,0.75,0.00
-77,20.1,0.63,0.63
-76.75,20.1,0.63,0.63
-75,20.1,0.63,1.25
-74.95,20.1,0.63,0.00
-75.25,20.1,0.50,0.00
-75.1,20.1,0.50,0.00
-74.5,20.1,0.50,0.00
-74.45,20.1,0.50,1.50
-74.25,20.1,0.50,1.50
-76.7,20.1,0.38,0.38
-75.75,20.1,0.38,0.00
-75.8,20.1,0.25,0.00
-77.5,20.1,0.13,0.00
-77.45,20.1,0.13,0.00
-77.4,20.1,0.13,0.00
-77.35,20.1,0.13,0.00
-77.3,20.1,0.13,0.00
-77.25,20.1,0.13,0.00
-77.2,20.1,0.13,0.00
-77.15,20.1,0.13,0.00
-77.1,20.1,0.13,0.13
-76.95,20.1,0.13,0.13
-76.8,20.1,0.13,0.00
-76.65,20.1,0.13,0.13
-76.6,20.1,0.13,0.00
-76.55,20.1,0.13,0.00
-76.4,20.1,0.13,0.00
-76.35,20.1,0.13,0.00
-76.3,20.1,0.13,0.00
-76.25,20.1,0.13,0.00
-76.2,20.1,0.13,0.00
-76.15,20.1,0.13,0.00
-76.1,20.1,0.13,0.00
-75.65,20.1,0.13,0.00
-75.6,20.1,0.13,0.00
-76.05,20.1,0.00,0.00
-76,20.1,0.00,0.00
-75.95,20.1,0.00,0.00
-75.9,20.1,0.00,0.00
-75.85,20.1,0.00,0.00
-75.7,20.1,0.00,0.00
-75.55,20.1,0.00,0.00
-75.5,20.1,0.00,0.00
-75.45,20.1,0.00,0.00
-75.4,20.1,0.00,0.00
-75.35,20.1,0.00,0.00
-75.3,20.1,0.00,0.00
-75.2,20.1,0.00,0.00
-75.15,20.1,0.00,0.00
-75.05,20.1,0.00,0.00
-74.85,20.1,0.00,0.00
-74.8,20.1,0.00,0.00
-74.75,20.1,0.00,0.00
-74.7,20.1,0.00,0.00
-74.65,20.1,0.00,0.00
-74.6,20.1,0.00,0.00
-74.55,20.1,0.00,0.00
-76.9,20.15,1.00,1.00
-76.85,20.15,0.88,0.00
-76.7,20.15,0.88,0.00
-76.65,20.15,0.88,0.00
-76.5,20.15,0.88,0.00
-76.25,20.15,0.88,0.00
-76.1,20.15,0.88,0.88
-75.9,20.15,0.88,0.00
-75.8,20.15,0.88,0.00
-75.5,20.15,0.88,0.00
-76.45,20.15,0.75,0.00
-75.6,20.15,0.75,0.00
-75.15,20.15,0.75,0.00
-74.65,20.15,0.75,2.25
-74.6,20.15,0.75,2.25
-76.8,20.15,0.63,0.63
-76.05,20.15,0.63,0.00
-75.95,20.15,0.63,0.63
-74.7,20.15,0.63,0.00
-74.4,20.15,0.63,1.88
-76,20.15,0.50,0.50
-74.55,20.15,0.50,0.00
-76.2,20.15,0.38,0.00
-74.95,20.15,0.38,0.00
-74.45,20.15,0.38,1.13
-74.3,20.15,0.38,1.13
-76.75,20.15,0.25,0.25
-76.6,20.15,0.25,0.25
-76.3,20.15,0.25,0.25
-75.25,20.15,0.25,0.00
-75,20.15,0.25,0.00
-74.8,20.15,0.25,0.50
-77.45,20.15,0.13,0.00
-77.4,20.15,0.13,0.00
-77.35,20.15,0.13,0.00
-77.3,20.15,0.13,0.00
-77.25,20.15,0.13,0.00
-77.2,20.15,0.13,0.00
-77.15,20.15,0.13,0.00
-77.1,20.15,0.13,0.13
-77.05,20.15,0.13,0.00
-77,20.15,0.13,0.13
-76.95,20.15,0.13,0.00
-76.55,20.15,0.13,0.13
-76.4,20.15,0.13,0.13
-76.35,20.15,0.13,0.00
-76.15,20.15,0.13,0.00
-75.85,20.15,0.13,0.00
-75.75,20.15,0.13,0.00
-75.7,20.15,0.13,0.00
-75.35,20.15,0.13,0.00
-75.3,20.15,0.13,0.00
-75.2,20.15,0.13,0.00
-75.1,20.15,0.13,0.00
-74.9,20.15,0.13,0.00
-74.85,20.15,0.13,0.00
-74.75,20.15,0.13,0.25
-75.65,20.15,0.00,0.00
-75.55,20.15,0.00,0.00
-75.45,20.15,0.00,0.00
-75.4,20.15,0.00,0.00
-75.05,20.15,0.00,0.00
-74.5,20.15,0.00,0.00
-74.35,20.15,0.00,0.00
-74.25,20.15,0.00,0.00
-76.55,20.2,1.00,0.00
-76.45,20.2,1.00,0.00
-76.2,20.2,1.00,0.00
-76.05,20.2,1.00,0.00
-76,20.2,1.00,0.00
-76.7,20.2,0.88,0.00
-76.65,20.2,0.88,0.00
-76.5,20.2,0.88,0.00
-76.3,20.2,0.88,0.00
-76.8,20.2,0.75,0.00
-75.6,20.2,0.75,0.00
-75.55,20.2,0.75,0.00
-75.1,20.2,0.75,0.00
-76.75,20.2,0.63,0.63
-74.5,20.2,0.50,0.00
-74.3,20.2,0.50,1.00
-74.2,20.2,0.50,1.50
-74.15,20.2,0.50,1.00
-75.05,20.2,0.38,0.00
-74.25,20.2,0.38,0.75
-76.6,20.2,0.25,0.25
-76.4,20.2,0.25,0.25
-76.25,20.2,0.25,0.25
-76.15,20.2,0.25,0.25
-76.1,20.2,0.25,0.25
-75.15,20.2,0.25,0.00
-75,20.2,0.25,0.00
-74.95,20.2,0.25,0.00
-74.85,20.2,0.25,0.00
-74.4,20.2,0.25,0.50
-74.35,20.2,0.25,0.50
-77.35,20.2,0.13,0.00
-77.25,20.2,0.13,0.00
-77.2,20.2,0.13,0.00
-77.15,20.2,0.13,0.00
-77.1,20.2,0.13,0.00
-77.05,20.2,0.13,0.00
-77,20.2,0.13,0.00
-76.95,20.2,0.13,0.00
-76.9,20.2,0.13,0.00
-76.85,20.2,0.13,0.13
-76.35,20.2,0.13,0.13
-75.95,20.2,0.13,0.00
-75.9,20.2,0.13,0.00
-75.85,20.2,0.13,0.00
-75.8,20.2,0.13,0.00
-75.75,20.2,0.13,0.00
-75.65,20.2,0.13,0.00
-75.5,20.2,0.13,0.00
-75.45,20.2,0.13,0.00
-75.4,20.2,0.13,0.00
-75.35,20.2,0.13,0.00
-75.25,20.2,0.13,0.00
-75.2,20.2,0.13,0.00
-74.9,20.2,0.13,0.00
-74.65,20.2,0.13,0.00
-77.4,20.2,0.00,0.00
-77.3,20.2,0.00,0.00
-75.7,20.2,0.00,0.00
-75.3,20.2,0.00,0.00
-74.8,20.2,0.00,0.00
-74.75,20.2,0.00,0.00
-74.7,20.2,0.00,0.00
-74.6,20.2,0.00,0.00
-74.55,20.2,0.00,0.00
-74.45,20.2,0.00,0.00
-76.45,20.25,1.00,0.00
-76.4,20.25,1.00,0.00
-76.8,20.25,0.88,0.88
-76.65,20.25,0.88,0.88
-76.5,20.25,0.75,0.00
-76.15,20.25,0.75,0.00
-76.05,20.25,0.75,0.00
-75.05,20.25,0.75,0.00
-76.6,20.25,0.63,0.63
-76.2,20.25,0.63,0.63
-76.1,20.25,0.63,0.00
-76.7,20.25,0.50,0.50
-76.35,20.25,0.50,0.00
-76.25,20.25,0.50,0.50
-74.25,20.25,0.50,1.00
-74.2,20.25,0.50,1.00
-74.15,20.25,0.50,1.00
-76.75,20.25,0.38,0.38
-76.55,20.25,0.38,0.38
-76.3,20.25,0.38,0.00
-75.1,20.25,0.25,0.00
-75,20.25,0.25,0.00
-74.95,20.25,0.25,0.00
-77.3,20.25,0.13,0.00
-77.25,20.25,0.13,0.00
-77.2,20.25,0.13,0.00
-77.15,20.25,0.13,0.00
-77.1,20.25,0.13,0.00
-77.05,20.25,0.13,0.00
-77,20.25,0.13,0.00
-76.95,20.25,0.13,0.00
-76.9,20.25,0.13,0.00
-76.85,20.25,0.13,0.00
-76,20.25,0.13,0.13
-75.95,20.25,0.13,0.00
-75.9,20.25,0.13,0.00
-75.85,20.25,0.13,0.00
-75.8,20.25,0.13,0.00
-75.75,20.25,0.13,0.00
-75.7,20.25,0.13,0.00
-75.45,20.25,0.13,0.00
-75.4,20.25,0.13,0.00
-75.35,20.25,0.13,0.00
-75.15,20.25,0.13,0.00
-74.9,20.25,0.13,0.00
-74.7,20.25,0.13,0.00
-75.65,20.25,0.00,0.00
-75.6,20.25,0.00,0.00
-75.55,20.25,0.00,0.00
-75.5,20.25,0.00,0.00
-75.3,20.25,0.00,0.00
-75.25,20.25,0.00,0.00
-75.2,20.25,0.00,0.00
-74.85,20.25,0.00,0.00
-74.8,20.25,0.00,0.00
-74.75,20.25,0.00,0.00
-74.65,20.25,0.00,0.00
-74.6,20.25,0.00,0.00
-74.55,20.25,0.00,0.00
-74.5,20.25,0.00,0.00
-74.45,20.25,0.00,0.00
-74.4,20.25,0.00,0.00
-74.35,20.25,0.00,0.00
-74.3,20.25,0.00,0.00
-76.4,20.3,1.00,0.00
-76.3,20.3,1.00,0.00
-74.55,20.3,0.88,0.00
-76.35,20.3,0.75,0.00
-74.6,20.3,0.75,0.00
-74.4,20.3,0.75,0.00
-74.65,20.3,0.63,0.63
-74.5,20.3,0.63,0.00
-74.45,20.3,0.63,0.00
-74.35,20.3,0.63,0.63
-74.3,20.3,0.63,0.63
-74.25,20.3,0.63,1.25
-74.2,20.3,0.63,1.25
-74.15,20.3,0.63,1.25
-74.9,20.3,0.38,0.00
-74.85,20.3,0.38,0.00
-74.75,20.3,0.38,0.00
-74.8,20.3,0.25,0.00
-77.15,20.3,0.13,0.00
-77.1,20.3,0.13,0.00
-77.05,20.3,0.13,0.00
-77,20.3,0.13,0.00
-76.95,20.3,0.13,0.00
-76.9,20.3,0.13,0.00
-76.85,20.3,0.13,0.00
-76.8,20.3,0.13,0.00
-76.75,20.3,0.13,0.00
-76.7,20.3,0.13,0.00
-76.65,20.3,0.13,0.00
-76.6,20.3,0.13,0.00
-76.55,20.3,0.13,0.13
-76.5,20.3,0.13,0.13
-76.45,20.3,0.13,0.13
-76.25,20.3,0.13,0.13
-76.2,20.3,0.13,0.13
-76.1,20.3,0.13,0.13
-76.05,20.3,0.13,0.13
-76,20.3,0.13,0.00
-75.95,20.3,0.13,0.00
-75.9,20.3,0.13,0.00
-75.85,20.3,0.13,0.00
-75.8,20.3,0.13,0.00
-75.75,20.3,0.13,0.00
-75.7,20.3,0.13,0.00
-75.65,20.3,0.13,0.00
-75.6,20.3,0.13,0.00
-75.55,20.3,0.13,0.00
-75.5,20.3,0.13,0.00
-75.45,20.3,0.13,0.00
-75.4,20.3,0.13,0.00
-75.35,20.3,0.13,0.00
-75.25,20.3,0.13,0.00
-75.2,20.3,0.13,0.00
-75.15,20.3,0.13,0.00
-75.1,20.3,0.13,0.00
-75.05,20.3,0.13,0.00
-75,20.3,0.13,0.00
-74.95,20.3,0.13,0.00
-77.2,20.3,0.00,0.00
-76.15,20.3,0.00,0.00
-75.3,20.3,0.00,0.00
-74.7,20.3,0.00,0.00
-74.55,20.35,0.75,0.00
-74.4,20.35,0.75,0.00
-86.95,20.35,0.63,1.25
-74.65,20.35,0.63,0.00
-74.6,20.35,0.63,0.00
-74.5,20.35,0.63,0.00
-74.45,20.35,0.63,0.00
-74.95,20.35,0.38,0.00
-74.9,20.35,0.38,0.00
-74.85,20.35,0.38,0.00
-74.8,20.35,0.25,0.00
-74.75,20.35,0.25,0.25
-77.1,20.35,0.13,0.00
-77.05,20.35,0.13,0.00
-77,20.35,0.13,0.00
-76.95,20.35,0.13,0.00
-76.9,20.35,0.13,0.00
-76.85,20.35,0.13,0.00
-76.8,20.35,0.13,0.00
-76.75,20.35,0.13,0.00
-76.7,20.35,0.13,0.00
-76.65,20.35,0.13,0.00
-76.6,20.35,0.13,0.00
-76.55,20.35,0.13,0.00
-76.5,20.35,0.13,0.13
-76.4,20.35,0.13,0.25
-76.35,20.35,0.13,0.13
-76.3,20.35,0.13,0.13
-76.25,20.35,0.13,0.00
-76.2,20.35,0.13,0.00
-76.15,20.35,0.13,0.00
-76.1,20.35,0.13,0.00
-76.05,20.35,0.13,0.00
-76,20.35,0.13,0.00
-75.95,20.35,0.13,0.00
-75.9,20.35,0.13,0.00
-75.85,20.35,0.13,0.00
-75.8,20.35,0.13,0.00
-75.75,20.35,0.13,0.00
-75.7,20.35,0.13,0.00
-75.65,20.35,0.13,0.00
-75.6,20.35,0.13,0.00
-75.55,20.35,0.13,0.00
-75.5,20.35,0.13,0.00
-75.45,20.35,0.13,0.00
-75.4,20.35,0.13,0.00
-75.35,20.35,0.13,0.00
-75.3,20.35,0.13,0.00
-75,20.35,0.13,0.00
-76.45,20.35,0.00,0.00
-75.25,20.35,0.00,0.00
-75.2,20.35,0.00,0.00
-75.15,20.35,0.00,0.00
-75.1,20.35,0.00,0.00
-75.05,20.35,0.00,0.00
-74.7,20.35,0.00,0.00
-74.7,20.4,1.00,0.00
-75.55,20.4,0.88,0.88
-74.8,20.4,0.88,0.00
-74.75,20.4,0.88,0.88
-74.65,20.4,0.63,0.00
-74.6,20.4,0.63,0.00
-74.55,20.4,0.63,0.00
-74.5,20.4,0.63,0.00
-86.95,20.4,0.50,1.00
-86.9,20.4,0.50,1.00
-74.9,20.4,0.50,0.00
-74.85,20.4,0.50,0.00
-75,20.4,0.38,0.00
-74.95,20.4,0.38,0.00
-87,20.4,0.25,0.00
-77.05,20.4,0.13,0.00
-77,20.4,0.13,0.00
-76.95,20.4,0.13,0.00
-76.9,20.4,0.13,0.00
-76.85,20.4,0.13,0.00
-76.8,20.4,0.13,0.00
-76.75,20.4,0.13,0.00
-76.7,20.4,0.13,0.00
-76.65,20.4,0.13,0.00
-76.6,20.4,0.13,0.00
-76.55,20.4,0.13,0.00
-76.5,20.4,0.13,0.00
-76.4,20.4,0.13,0.00
-76.35,20.4,0.13,0.00
-76.3,20.4,0.13,0.00
-76.25,20.4,0.13,0.00
-76.2,20.4,0.13,0.00
-76.15,20.4,0.13,0.00
-76.1,20.4,0.13,0.00
-76.05,20.4,0.13,0.00
-76,20.4,0.13,0.00
-75.95,20.4,0.13,0.00
-75.9,20.4,0.13,0.00
-75.85,20.4,0.13,0.00
-75.8,20.4,0.13,0.00
-75.75,20.4,0.13,0.00
-75.7,20.4,0.13,0.00
-75.65,20.4,0.13,0.00
-75.6,20.4,0.13,0.00
-75.5,20.4,0.13,0.00
-75.15,20.4,0.13,0.00
-75.1,20.4,0.13,0.00
-75.05,20.4,0.13,0.00
-76.45,20.4,0.00,0.00
-75.45,20.4,0.00,0.00
-75.4,20.4,0.00,0.00
-75.35,20.4,0.00,0.00
-75.3,20.4,0.00,0.00
-75.25,20.4,0.00,0.00
-75.2,20.4,0.00,0.00
-75.6,20.45,1.00,0.00
-75.55,20.45,1.00,0.00
-75.35,20.45,1.00,0.00
-74.95,20.45,1.00,0.00
-75.5,20.45,0.88,0.00
-75.45,20.45,0.75,0.75
-75.4,20.45,0.75,0.75
-75.05,20.45,0.75,0.00
-74.7,20.45,0.75,0.00
-86.9,20.45,0.63,1.25
-75.2,20.45,0.63,0.63
-75.15,20.45,0.63,0.63
-75.1,20.45,0.63,0.63
-74.75,20.45,0.63,0.63
-74.65,20.45,0.63,0.00
-74.6,20.45,0.63,0.00
-74.55,20.45,0.63,0.00
-86.95,20.45,0.50,1.00
-74.8,20.45,0.50,0.00
-86.85,20.45,0.38,0.75
-75.3,20.45,0.38,0.00
-75.25,20.45,0.38,0.38
-75,20.45,0.38,0.00
-74.9,20.45,0.38,0.00
-74.85,20.45,0.38,0.00
-77.05,20.45,0.13,0.00
-77,20.45,0.13,0.00
-76.95,20.45,0.13,0.00
-76.9,20.45,0.13,0.00
-76.85,20.45,0.13,0.00
-76.8,20.45,0.13,0.00
-76.75,20.45,0.13,0.00
-76.7,20.45,0.13,0.00
-76.65,20.45,0.13,0.00
-76.6,20.45,0.13,0.00
-76.55,20.45,0.13,0.00
-76.5,20.45,0.13,0.00
-76.45,20.45,0.13,0.00
-76.4,20.45,0.13,0.00
-76.35,20.45,0.13,0.00
-76.3,20.45,0.13,0.00
-76.25,20.45,0.13,0.00
-76.2,20.45,0.13,0.00
-76.15,20.45,0.13,0.00
-76.1,20.45,0.13,0.00
-76.05,20.45,0.13,0.00
-76,20.45,0.13,0.00
-75.95,20.45,0.13,0.00
-75.9,20.45,0.13,0.00
-75.85,20.45,0.13,0.00
-75.8,20.45,0.13,0.00
-75.75,20.45,0.13,0.00
-75.7,20.45,0.13,0.00
-75.65,20.45,0.13,0.00
-75.65,20.5,1.00,1.00
-75.6,20.5,1.00,1.00
-75.5,20.5,0.88,0.88
-75.05,20.5,0.88,0.00
-74.85,20.5,0.88,0.00
-86.8,20.5,0.75,1.50
-75.55,20.5,0.75,0.75
-75.45,20.5,0.75,0.75
-75.4,20.5,0.75,0.00
-75.3,20.5,0.75,0.75
-75.25,20.5,0.75,0.75
-74.8,20.5,0.75,0.00
-74.6,20.5,0.75,0.00
-86.85,20.5,0.63,1.25
-75.2,20.5,0.63,0.63
-75.15,20.5,0.63,0.63
-75.1,20.5,0.63,0.63
-74.75,20.5,0.63,0.00
-74.7,20.5,0.63,0.00
-74.65,20.5,0.63,0.00
-86.95,20.5,0.38,0.75
-74.95,20.5,0.38,0.38
-74.9,20.5,0.38,0.00
-86.9,20.5,0.25,0.50
-75.35,20.5,0.25,0.25
-77.05,20.5,0.13,0.00
-76.95,20.5,0.13,0.00
-76.9,20.5,0.13,0.00
-76.85,20.5,0.13,0.00
-76.8,20.5,0.13,0.00
-76.75,20.5,0.13,0.00
-76.7,20.5,0.13,0.00
-76.65,20.5,0.13,0.00
-76.6,20.5,0.13,0.00
-76.55,20.5,0.13,0.00
-76.45,20.5,0.13,0.00
-76.4,20.5,0.13,0.00
-76.25,20.5,0.13,0.00
-76.2,20.5,0.13,0.00
-76.15,20.5,0.13,0.00
-76.1,20.5,0.13,0.00
-76.05,20.5,0.13,0.00
-76,20.5,0.13,0.00
-75.95,20.5,0.13,0.00
-75.9,20.5,0.13,0.00
-75.85,20.5,0.13,0.00
-75.8,20.5,0.13,0.00
-75.75,20.5,0.13,0.00
-75.7,20.5,0.13,0.00
-75,20.5,0.13,0.00
-77,20.5,0.00,0.00
-76.5,20.5,0.00,0.00
-76.35,20.5,0.00,0.00
-76.3,20.5,0.00,0.00
-75.65,20.55,1.00,1.00
-75.6,20.55,0.88,0.00
-75.5,20.55,0.88,0.88
-74.9,20.55,0.88,0.00
-75.55,20.55,0.75,0.75
-75.45,20.55,0.75,0.75
-75.4,20.55,0.75,0.75
-75.35,20.55,0.75,0.75
-75.3,20.55,0.75,0.75
-75.25,20.55,0.75,0.75
-75.2,20.55,0.75,0.75
-75,20.55,0.75,0.75
-74.95,20.55,0.75,0.00
-74.8,20.55,0.75,0.00
-74.75,20.55,0.75,0.00
-86.9,20.55,0.63,1.25
-86.85,20.55,0.63,1.25
-75.1,20.55,0.63,0.63
-75.05,20.55,0.63,0.63
-74.7,20.55,0.63,0.00
-75.15,20.55,0.50,0.50
-86.75,20.55,0.38,0.00
-74.85,20.55,0.38,0.38
-86.8,20.55,0.25,0.00
-77.1,20.55,0.13,0.00
-77.05,20.55,0.13,0.00
-76.9,20.55,0.13,0.00
-76.85,20.55,0.13,0.00
-76.8,20.55,0.13,0.00
-76.75,20.55,0.13,0.00
-76.7,20.55,0.13,0.00
-76.65,20.55,0.13,0.00
-76.6,20.55,0.13,0.00
-76.55,20.55,0.13,0.00
-76.5,20.55,0.13,0.00
-76.45,20.55,0.13,0.00
-76.2,20.55,0.13,0.00
-76.15,20.55,0.13,0.00
-76.1,20.55,0.13,0.00
-76.05,20.55,0.13,0.00
-76,20.55,0.13,0.00
-75.95,20.55,0.13,0.00
-75.9,20.55,0.13,0.00
-75.85,20.55,0.13,0.00
-75.8,20.55,0.13,0.00
-75.75,20.55,0.13,0.00
-75.7,20.55,0.13,0.00
-77,20.55,0.00,0.00
-76.95,20.55,0.00,0.00
-76.4,20.55,0.00,0.00
-76.35,20.55,0.00,0.00
-76.3,20.55,0.00,0.00
-76.25,20.55,0.00,0.00
-75.65,20.6,1.00,0.00
-75.55,20.6,0.88,0.88
-75.5,20.6,0.88,0.88
-75.35,20.6,0.88,0.00
-75.6,20.6,0.75,0.75
-75.3,20.6,0.75,0.00
-75.25,20.6,0.75,0.00
-75.2,20.6,0.75,0.00
-75.05,20.6,0.75,0.00
-75,20.6,0.75,0.00
-74.95,20.6,0.75,0.00
-74.9,20.6,0.75,0.00
-74.8,20.6,0.75,0.00
-75.45,20.6,0.63,0.63
-75.1,20.6,0.63,0.63
-75.15,20.6,0.50,0.50
-74.75,20.6,0.50,0.00
-86.75,20.6,0.25,0.00
-74.85,20.6,0.25,0.25
-77.2,20.6,0.13,0.00
-77.15,20.6,0.13,0.00
-76.85,20.6,0.13,0.00
-76.8,20.6,0.13,0.00
-76.75,20.6,0.13,0.00
-76.7,20.6,0.13,0.00
-76.65,20.6,0.13,0.00
-76.6,20.6,0.13,0.00
-76.55,20.6,0.13,0.00
-76.45,20.6,0.13,0.00
-76.4,20.6,0.13,0.00
-76.35,20.6,0.13,0.00
-76.3,20.6,0.13,0.00
-76.25,20.6,0.13,0.00
-76.2,20.6,0.13,0.00
-76.15,20.6,0.13,0.00
-76.1,20.6,0.13,0.00
-76.05,20.6,0.13,0.00
-76,20.6,0.13,0.00
-75.9,20.6,0.13,0.00
-75.85,20.6,0.13,0.00
-75.8,20.6,0.13,0.00
-75.75,20.6,0.13,0.00
-75.7,20.6,0.13,0.00
-77.1,20.6,0.00,0.00
-77.05,20.6,0.00,0.00
-77,20.6,0.00,0.00
-76.95,20.6,0.00,0.00
-76.9,20.6,0.00,0.00
-76.5,20.6,0.00,0.00
-75.95,20.6,0.00,0.00
-75.4,20.6,0.00,0.00
-75.5,20.65,0.88,0.88
-75.2,20.65,0.88,0.00
-75.7,20.65,0.75,0.00
-75.6,20.65,0.75,0.75
-75.55,20.65,0.75,0.75
-75.45,20.65,0.75,0.00
-75.4,20.65,0.75,0.00
-75.35,20.65,0.75,0.00
-75.3,20.65,0.75,0.00
-75.25,20.65,0.75,0.00
-74.85,20.65,0.75,0.00
-75.1,20.65,0.63,0.63
-75.05,20.65,0.63,0.63
-75.15,20.65,0.50,0.50
-75,20.65,0.50,0.50
-74.95,20.65,0.50,0.50
-74.9,20.65,0.50,0.50
-74.8,20.65,0.50,0.00
-75.65,20.65,0.38,0.38
-78.35,20.65,0.25,0.75
-77.1,20.65,0.13,0.00
-76.9,20.65,0.13,0.00
-76.85,20.65,0.13,0.00
-76.8,20.65,0.13,0.00
-76.75,20.65,0.13,0.00
-76.7,20.65,0.13,0.00
-76.55,20.65,0.13,0.00
-76.5,20.65,0.13,0.00
-76.15,20.65,0.13,0.00
-76.1,20.65,0.13,0.00
-76.05,20.65,0.13,0.00
-77.15,20.65,0.00,0.00
-77.05,20.65,0.00,0.00
-77,20.65,0.00,0.00
-76.95,20.65,0.00,0.00
-76.65,20.65,0.00,0.00
-76.6,20.65,0.00,0.00
-76.45,20.65,0.00,0.00
-76.4,20.65,0.00,0.00
-76.35,20.65,0.00,0.00
-76.3,20.65,0.00,0.00
-76.25,20.65,0.00,0.00
-76.2,20.65,0.00,0.00
-76,20.65,0.00,0.00
-75.95,20.65,0.00,0.00
-75.9,20.65,0.00,0.00
-75.85,20.65,0.00,0.00
-75.8,20.65,0.00,0.00
-75.75,20.65,0.00,0.00
-75.15,20.7,1.00,1.00
-75.1,20.7,1.00,1.00
-74.95,20.7,1.00,0.00
-75.55,20.7,0.88,0.00
-75.5,20.7,0.88,0.88
-75.2,20.7,0.88,0.88
-75.35,20.7,0.75,0.00
-75,20.7,0.63,0.63
-75.75,20.7,0.50,0.50
-75.25,20.7,0.50,0.00
-77.15,20.7,0.25,0.50
-76.5,20.7,0.25,0.00
-76.45,20.7,0.25,0.00
-76.4,20.7,0.25,0.00
-75.6,20.7,0.25,0.50
-75.45,20.7,0.25,0.25
-77.25,20.7,0.13,0.00
-77.2,20.7,0.13,0.00
-77.05,20.7,0.13,0.00
-77,20.7,0.13,0.00
-76.95,20.7,0.13,0.00
-76.9,20.7,0.13,0.00
-76.85,20.7,0.13,0.00
-76.8,20.7,0.13,0.00
-76.75,20.7,0.13,0.00
-76.7,20.7,0.13,0.00
-76.65,20.7,0.13,0.00
-76.6,20.7,0.13,0.00
-76.55,20.7,0.13,0.00
-76.35,20.7,0.13,0.00
-76.3,20.7,0.13,0.00
-76.25,20.7,0.13,0.00
-76.2,20.7,0.13,0.00
-76.15,20.7,0.13,0.00
-76.1,20.7,0.13,0.00
-76.05,20.7,0.13,0.00
-75.4,20.7,0.13,0.13
-77.1,20.7,0.00,0.00
-76,20.7,0.00,0.00
-75.95,20.7,0.00,0.00
-75.9,20.7,0.00,0.00
-75.85,20.7,0.00,0.00
-75.8,20.7,0.00,0.00
-75.7,20.7,0.00,0.00
-75.65,20.7,0.00,0.00
-75.25,20.75,1.00,1.00
-75.35,20.75,0.75,0.00
-75.4,20.75,0.63,0.63
-78.75,20.75,0.50,1.50
-75.75,20.75,0.50,1.00
-87,20.75,0.38,0.00
-77.2,20.75,0.25,0.00
-76.5,20.75,0.25,0.00
-76.45,20.75,0.25,0.00
-76.4,20.75,0.25,0.00
-76.35,20.75,0.25,0.00
-76.25,20.75,0.25,0.00
-76.2,20.75,0.25,0.00
-76.15,20.75,0.25,0.00
-76.1,20.75,0.25,0.00
-75.65,20.75,0.25,0.00
-78,20.75,0.13,0.00
-77.95,20.75,0.13,0.00
-77.9,20.75,0.13,0.00
-77.8,20.75,0.13,0.00
-77.75,20.75,0.13,0.00
-77.7,20.75,0.13,0.00
-77.65,20.75,0.13,0.00
-77.6,20.75,0.13,0.00
-77.55,20.75,0.13,0.00
-77.5,20.75,0.13,0.00
-77.45,20.75,0.13,0.00
-77.35,20.75,0.13,0.00
-77.3,20.75,0.13,0.00
-77.25,20.75,0.13,0.00
-77.1,20.75,0.13,0.00
-77.05,20.75,0.13,0.00
-77,20.75,0.13,0.00
-76.95,20.75,0.13,0.00
-76.9,20.75,0.13,0.00
-76.85,20.75,0.13,0.00
-76.8,20.75,0.13,0.00
-76.75,20.75,0.13,0.00
-76.7,20.75,0.13,0.00
-76.65,20.75,0.13,0.00
-76.6,20.75,0.13,0.00
-76.55,20.75,0.13,0.00
-76.3,20.75,0.13,0.00
-78.45,20.75,0.00,0.00
-77.4,20.75,0.00,0.00
-77.15,20.75,0.00,0.00
-76.05,20.75,0.00,0.00
-76,20.75,0.00,0.00
-75.95,20.75,0.00,0.00
-75.9,20.75,0.00,0.00
-75.85,20.75,0.00,0.00
-75.8,20.75,0.00,0.00
-75.6,20.75,0.00,0.00
-86.95,20.8,0.50,0.00
-75.95,20.8,0.50,1.00
-75.9,20.8,0.50,1.00
-75.85,20.8,0.50,1.00
-75.8,20.8,0.50,0.00
-87,20.8,0.38,0.00
-78.8,20.8,0.38,1.13
-76.5,20.8,0.38,0.00
-76.45,20.8,0.38,1.13
-77.35,20.8,0.25,0.00
-77.3,20.8,0.25,0.00
-77.25,20.8,0.25,0.00
-77.2,20.8,0.25,0.00
-76.55,20.8,0.25,0.00
-76.4,20.8,0.25,0.00
-76.35,20.8,0.25,0.00
-76.3,20.8,0.25,0.00
-76.15,20.8,0.25,0.00
-76,20.8,0.25,0.50
-75.6,20.8,0.25,0.50
-75.5,20.8,0.25,0.25
-78.1,20.8,0.13,0.00
-78.05,20.8,0.13,0.00
-78,20.8,0.13,0.00
-77.95,20.8,0.13,0.00
-77.9,20.8,0.13,0.00
-77.85,20.8,0.13,0.00
-77.8,20.8,0.13,0.00
-77.75,20.8,0.13,0.00
-77.7,20.8,0.13,0.00
-77.65,20.8,0.13,0.00
-77.6,20.8,0.13,0.00
-77.55,20.8,0.13,0.00
-77.5,20.8,0.13,0.00
-77.45,20.8,0.13,0.00
-77.4,20.8,0.13,0.00
-77.1,20.8,0.13,0.00
-77.05,20.8,0.13,0.00
-77,20.8,0.13,0.00
-76.95,20.8,0.13,0.00
-76.9,20.8,0.13,0.00
-76.85,20.8,0.13,0.00
-76.8,20.8,0.13,0.00
-76.75,20.8,0.13,0.00
-76.7,20.8,0.13,0.00
-76.65,20.8,0.13,0.00
-76.6,20.8,0.13,0.00
-76.25,20.8,0.13,0.00
-76.1,20.8,0.13,0.00
-77.15,20.8,0.00,0.00
-76.2,20.8,0.00,0.00
-76.05,20.8,0.00,0.00
-75.55,20.85,0.75,1.50
-78.9,20.85,0.50,1.50
-75.85,20.85,0.50,0.00
-75.8,20.85,0.50,1.00
-75.75,20.85,0.50,1.00
-87,20.85,0.38,0.75
-86.9,20.85,0.38,0.00
-86.95,20.85,0.25,0.00
-77.25,20.85,0.25,0.00
-76.5,20.85,0.25,0.00
-76.45,20.85,0.25,0.00
-76.4,20.85,0.25,0.00
-76.35,20.85,0.25,0.00
-76.3,20.85,0.25,0.00
-76.25,20.85,0.25,0.00
-76,20.85,0.25,0.50
-75.95,20.85,0.25,0.50
-75.9,20.85,0.25,0.00
-78.15,20.85,0.13,0.00
-78.1,20.85,0.13,0.00
-78.05,20.85,0.13,0.00
-78,20.85,0.13,0.00
-77.95,20.85,0.13,0.00
-77.9,20.85,0.13,0.00
-77.85,20.85,0.13,0.00
-77.8,20.85,0.13,0.00
-77.75,20.85,0.13,0.00
-77.7,20.85,0.13,0.00
-77.65,20.85,0.13,0.00
-77.6,20.85,0.13,0.00
-77.55,20.85,0.13,0.00
-77.5,20.85,0.13,0.00
-77.45,20.85,0.13,0.00
-77.4,20.85,0.13,0.00
-77.35,20.85,0.13,0.00
-77.3,20.85,0.13,0.00
-77.2,20.85,0.13,0.00
-77.15,20.85,0.13,0.00
-77.1,20.85,0.13,0.00
-77.05,20.85,0.13,0.00
-77,20.85,0.13,0.00
-76.95,20.85,0.13,0.00
-76.9,20.85,0.13,0.00
-76.85,20.85,0.13,0.00
-76.8,20.85,0.13,0.00
-76.75,20.85,0.13,0.00
-76.7,20.85,0.13,0.00
-76.65,20.85,0.13,0.00
-76.6,20.85,0.13,0.00
-76.55,20.85,0.13,0.00
-76.2,20.85,0.13,0.00
-76.15,20.85,0.13,0.00
-76.1,20.85,0.13,0.00
-76.05,20.85,0.13,0.00
-75.65,20.9,0.75,1.50
-87,20.9,0.63,0.00
-78.95,20.9,0.50,1.50
-75.85,20.9,0.50,1.00
-75.8,20.9,0.50,1.00
-75.75,20.9,0.50,1.00
-75.7,20.9,0.50,1.00
-86.9,20.9,0.38,0.00
-86.85,20.9,0.38,0.75
-76.05,20.9,0.38,0.75
-75.6,20.9,0.38,0.00
-86.95,20.9,0.25,0.50
-79,20.9,0.25,0.75
-76.4,20.9,0.25,0.00
-76.35,20.9,0.25,0.00
-76.3,20.9,0.25,0.00
-76.25,20.9,0.25,0.00
-76.1,20.9,0.25,0.50
-76,20.9,0.25,0.50
-75.95,20.9,0.25,0.50
-75.9,20.9,0.25,0.50
-78.2,20.9,0.13,0.00
-78.15,20.9,0.13,0.00
-78.1,20.9,0.13,0.00
-78.05,20.9,0.13,0.00
-78,20.9,0.13,0.00
-77.95,20.9,0.13,0.00
-77.9,20.9,0.13,0.00
-77.85,20.9,0.13,0.00
-77.8,20.9,0.13,0.00
-77.75,20.9,0.13,0.00
-77.7,20.9,0.13,0.00
-77.65,20.9,0.13,0.00
-77.6,20.9,0.13,0.00
-77.55,20.9,0.13,0.00
-77.5,20.9,0.13,0.00
-77.45,20.9,0.13,0.00
-77.4,20.9,0.13,0.00
-77.35,20.9,0.13,0.00
-77.3,20.9,0.13,0.00
-77.25,20.9,0.13,0.00
-77.2,20.9,0.13,0.00
-77.15,20.9,0.13,0.00
-77.1,20.9,0.13,0.00
-77.05,20.9,0.13,0.00
-77,20.9,0.13,0.00
-76.95,20.9,0.13,0.00
-76.9,20.9,0.13,0.00
-76.85,20.9,0.13,0.00
-76.8,20.9,0.13,0.00
-76.75,20.9,0.13,0.00
-76.7,20.9,0.13,0.00
-76.65,20.9,0.13,0.00
-76.6,20.9,0.13,0.00
-76.55,20.9,0.13,0.00
-76.5,20.9,0.13,0.00
-76.45,20.9,0.00,0.00
-76.2,20.9,0.00,0.00
-76.15,20.9,0.00,0.00
-75.65,20.95,0.75,1.50
-75.6,20.95,0.75,1.50
-75.9,20.95,0.50,1.00
-75.7,20.95,0.50,1.00
-87,20.95,0.38,0.75
-86.95,20.95,0.38,0.00
-86.9,20.95,0.38,0.00
-86.85,20.95,0.38,0.00
-76.2,20.95,0.25,0.50
-76.05,20.95,0.25,0.50
-76,20.95,0.25,0.50
-75.95,20.95,0.25,0.50
-75.85,20.95,0.25,0.50
-75.8,20.95,0.25,0.50
-75.75,20.95,0.25,0.50
-78.25,20.95,0.13,0.00
-78.2,20.95,0.13,0.00
-78.15,20.95,0.13,0.00
-78.1,20.95,0.13,0.00
-78.05,20.95,0.13,0.00
-78,20.95,0.13,0.00
-77.95,20.95,0.13,0.00
-77.9,20.95,0.13,0.00
-77.85,20.95,0.13,0.00
-77.8,20.95,0.13,0.00
-77.75,20.95,0.13,0.00
-77.7,20.95,0.13,0.00
-77.65,20.95,0.13,0.00
-77.6,20.95,0.13,0.00
-77.55,20.95,0.13,0.00
-77.5,20.95,0.13,0.00
-77.45,20.95,0.13,0.00
-77.4,20.95,0.13,0.00
-77.35,20.95,0.13,0.00
-77.3,20.95,0.13,0.00
-77.25,20.95,0.13,0.00
-77.2,20.95,0.13,0.00
-77.15,20.95,0.13,0.00
-77.1,20.95,0.13,0.00
-77.05,20.95,0.13,0.00
-77,20.95,0.13,0.00
-76.95,20.95,0.13,0.00
-76.9,20.95,0.13,0.00
-76.85,20.95,0.13,0.00
-76.8,20.95,0.13,0.00
-76.75,20.95,0.13,0.00
-76.7,20.95,0.13,0.00
-76.65,20.95,0.13,0.00
-76.35,20.95,0.13,0.25
-76.3,20.95,0.13,0.25
-76.25,20.95,0.13,0.25
-76.6,20.95,0.00,0.00
-76.55,20.95,0.00,0.00
-76.5,20.95,0.00,0.00
-76.45,20.95,0.00,0.00
-76.4,20.95,0.00,0.00
-76.15,20.95,0.00,0.00
-76.1,20.95,0.00,0.00
-75.65,21,0.63,1.25
-75.6,21,0.63,1.25
-76.2,21,0.50,1.00
-87,21,0.38,0.00
-86.95,21,0.38,0.00
-86.9,21,0.38,0.00
-86.85,21,0.38,0.00
-76.25,21,0.25,0.50
-76.15,21,0.25,0.50
-76.1,21,0.25,0.50
-76.05,21,0.25,0.50
-76,21,0.25,0.50
-75.95,21,0.25,0.50
-75.9,21,0.25,0.50
-75.85,21,0.25,0.50
-75.8,21,0.25,0.50
-75.75,21,0.25,0.50
-75.7,21,0.25,0.50
-73.15,21,0.25,0.00
-78.35,21,0.13,0.00
-78.3,21,0.13,0.00
-78.25,21,0.13,0.00
-78.2,21,0.13,0.00
-78.15,21,0.13,0.00
-78.1,21,0.13,0.00
-78.05,21,0.13,0.00
-78,21,0.13,0.00
-77.95,21,0.13,0.00
-77.9,21,0.13,0.00
-77.85,21,0.13,0.00
-77.8,21,0.13,0.00
-77.75,21,0.13,0.00
-77.7,21,0.13,0.00
-77.65,21,0.13,0.00
-77.6,21,0.13,0.00
-77.55,21,0.13,0.00
-77.5,21,0.13,0.00
-77.45,21,0.13,0.00
-77.4,21,0.13,0.00
-77.35,21,0.13,0.00
-77.3,21,0.13,0.00
-77.25,21,0.13,0.00
-77.2,21,0.13,0.00
-77.15,21,0.13,0.00
-77.1,21,0.13,0.00
-77.05,21,0.13,0.00
-77,21,0.13,0.00
-76.95,21,0.13,0.00
-76.9,21,0.13,0.00
-76.85,21,0.13,0.00
-76.8,21,0.13,0.00
-76.75,21,0.13,0.00
-76.7,21,0.13,0.00
-76.65,21,0.13,0.00
-73.65,21,0.13,0.00
-73.2,21,0.13,0.00
-76.6,21,0.00,0.00
-76.55,21,0.00,0.00
-76.5,21,0.00,0.00
-76.45,21,0.00,0.00
-76.4,21,0.00,0.00
-76.35,21,0.00,0.00
-76.3,21,0.00,0.00
-73.6,21,0.00,0.00
-73.55,21,0.00,0.00
-73.5,21,0.00,0.00
-73.45,21,0.00,0.00
-73.4,21,0.00,0.00
-73.35,21,0.00,0.00
-73.3,21,0.00,0.00
-73.25,21,0.00,0.00
-75.7,21.05,0.63,1.25
-75.65,21.05,0.63,1.25
-76.25,21.05,0.50,1.00
-76.2,21.05,0.50,1.00
-76.15,21.05,0.50,1.00
-76.1,21.05,0.50,1.00
-75.8,21.05,0.50,1.00
-75.75,21.05,0.50,1.00
-87,21.05,0.38,0.00
-86.95,21.05,0.38,0.00
-86.9,21.05,0.38,0.00
-86.85,21.05,0.38,0.00
-86.8,21.05,0.38,0.00
-75.6,21.05,0.38,0.00
-76.05,21.05,0.25,0.50
-76,21.05,0.25,0.50
-75.95,21.05,0.25,0.50
-75.9,21.05,0.25,0.50
-75.85,21.05,0.25,0.50
-78.4,21.05,0.13,0.00
-78.35,21.05,0.13,0.00
-78.3,21.05,0.13,0.00
-78.25,21.05,0.13,0.00
-78.2,21.05,0.13,0.00
-78.15,21.05,0.13,0.00
-78.1,21.05,0.13,0.00
-78.05,21.05,0.13,0.00
-78,21.05,0.13,0.00
-77.95,21.05,0.13,0.00
-77.9,21.05,0.13,0.00
-77.85,21.05,0.13,0.00
-77.8,21.05,0.13,0.00
-77.75,21.05,0.13,0.00
-77.7,21.05,0.13,0.00
-77.65,21.05,0.13,0.00
-77.6,21.05,0.13,0.00
-77.55,21.05,0.13,0.00
-77.5,21.05,0.13,0.00
-77.45,21.05,0.13,0.00
-77.4,21.05,0.13,0.00
-77.35,21.05,0.13,0.00
-77.3,21.05,0.13,0.00
-77.25,21.05,0.13,0.00
-77.2,21.05,0.13,0.00
-77.15,21.05,0.13,0.00
-77.1,21.05,0.13,0.00
-77.05,21.05,0.13,0.00
-77,21.05,0.13,0.00
-76.95,21.05,0.13,0.00
-76.9,21.05,0.13,0.00
-76.85,21.05,0.13,0.00
-76.8,21.05,0.13,0.00
-76.75,21.05,0.13,0.00
-76.7,21.05,0.13,0.00
-76.65,21.05,0.00,0.00
-76.6,21.05,0.00,0.00
-76.55,21.05,0.00,0.00
-76.5,21.05,0.00,0.00
-76.45,21.05,0.00,0.00
-76.4,21.05,0.00,0.00
-76.35,21.05,0.00,0.00
-76.3,21.05,0.00,0.00
-73.65,21.05,0.00,0.00
-73.6,21.05,0.00,0.00
-73.55,21.05,0.00,0.00
-73.5,21.05,0.00,0.00
-73.45,21.05,0.00,0.00
-73.4,21.05,0.00,0.00
-73.35,21.05,0.00,0.00
-73.3,21.05,0.00,0.00
-73.25,21.05,0.00,0.00
-73.2,21.05,0.00,0.00
-73.15,21.05,0.00,0.00
-75.7,21.1,0.75,1.50
-75.65,21.1,0.75,1.50
-75.8,21.1,0.63,1.25
-75.75,21.1,0.63,1.25
-87,21.1,0.50,0.00
-76.25,21.1,0.50,1.00
-76.2,21.1,0.50,1.00
-76.15,21.1,0.50,1.00
-76.1,21.1,0.50,1.00
-86.95,21.1,0.38,0.00
-86.9,21.1,0.38,0.00
-86.85,21.1,0.38,0.00
-86.8,21.1,0.38,0.00
-75.9,21.1,0.38,0.75
-75.85,21.1,0.38,0.75
-75.6,21.1,0.38,0.00
-76.05,21.1,0.25,0.50
-76,21.1,0.25,0.50
-75.95,21.1,0.25,0.50
-79.3,21.1,0.13,0.38
-78.45,21.1,0.13,0.00
-78.4,21.1,0.13,0.00
-78.35,21.1,0.13,0.00
-78.3,21.1,0.13,0.00
-78.25,21.1,0.13,0.00
-78.2,21.1,0.13,0.00
-78.15,21.1,0.13,0.00
-78.1,21.1,0.13,0.00
-78.05,21.1,0.13,0.00
-78,21.1,0.13,0.00
-77.95,21.1,0.13,0.00
-77.9,21.1,0.13,0.00
-77.85,21.1,0.13,0.00
-77.8,21.1,0.13,0.00
-77.75,21.1,0.13,0.00
-77.7,21.1,0.13,0.00
-77.65,21.1,0.13,0.00
-77.6,21.1,0.13,0.00
-77.55,21.1,0.13,0.00
-77.5,21.1,0.13,0.00
-77.45,21.1,0.13,0.00
-77.4,21.1,0.13,0.00
-77.35,21.1,0.13,0.00
-77.3,21.1,0.13,0.00
-77.25,21.1,0.13,0.00
-77.2,21.1,0.13,0.00
-77.15,21.1,0.13,0.00
-77.1,21.1,0.13,0.00
-77.05,21.1,0.13,0.00
-77,21.1,0.13,0.00
-76.95,21.1,0.13,0.00
-76.9,21.1,0.13,0.00
-76.85,21.1,0.13,0.00
-76.8,21.1,0.13,0.00
-76.75,21.1,0.13,0.00
-76.7,21.1,0.00,0.00
-76.65,21.1,0.00,0.00
-76.6,21.1,0.00,0.00
-76.55,21.1,0.00,0.00
-76.5,21.1,0.00,0.00
-76.45,21.1,0.00,0.00
-76.4,21.1,0.00,0.00
-76.35,21.1,0.00,0.00
-76.3,21.1,0.00,0.00
-73.6,21.1,0.00,0.00
-73.55,21.1,0.00,0.00
-73.5,21.1,0.00,0.00
-73.45,21.1,0.00,0.00
-73.4,21.1,0.00,0.00
-73.35,21.1,0.00,0.00
-73.3,21.1,0.00,0.00
-73.25,21.1,0.00,0.00
-73.2,21.1,0.00,0.00
-73.15,21.1,0.00,0.00
-73.1,21.1,0.00,0.00
-75.8,21.15,0.75,1.50
-75.7,21.15,0.75,1.50
-87,21.15,0.50,0.00
-76.4,21.15,0.50,1.00
-76.35,21.15,0.50,1.00
-76.3,21.15,0.50,1.00
-76.25,21.15,0.50,1.00
-76.2,21.15,0.50,1.00
-76.15,21.15,0.50,1.00
-86.95,21.15,0.38,0.00
-86.9,21.15,0.38,0.00
-86.85,21.15,0.38,0.00
-86.8,21.15,0.38,0.00
-86.75,21.15,0.38,0.00
-75.75,21.15,0.25,0.00
-79.4,21.15,0.13,0.38
-79.35,21.15,0.13,0.38
-78.45,21.15,0.13,0.00
-78.4,21.15,0.13,0.00
-78.35,21.15,0.13,0.00
-78.3,21.15,0.13,0.00
-78.25,21.15,0.13,0.00
-78.2,21.15,0.13,0.00
-78.15,21.15,0.13,0.00
-78.1,21.15,0.13,0.00
-78.05,21.15,0.13,0.00
-78,21.15,0.13,0.00
-77.95,21.15,0.13,0.00
-77.9,21.15,0.13,0.00
-77.85,21.15,0.13,0.00
-77.8,21.15,0.13,0.00
-77.75,21.15,0.13,0.00
-77.7,21.15,0.13,0.00
-77.65,21.15,0.13,0.00
-77.6,21.15,0.13,0.00
-77.55,21.15,0.13,0.00
-77.5,21.15,0.13,0.00
-77.45,21.15,0.13,0.00
-77.4,21.15,0.13,0.00
-77.35,21.15,0.13,0.00
-77.3,21.15,0.13,0.00
-77.25,21.15,0.13,0.00
-77.2,21.15,0.13,0.00
-77.15,21.15,0.13,0.00
-77.1,21.15,0.13,0.00
-77.05,21.15,0.13,0.00
-77,21.15,0.13,0.00
-76.95,21.15,0.00,0.00
-76.9,21.15,0.00,0.00
-76.85,21.15,0.00,0.00
-76.8,21.15,0.00,0.00
-76.75,21.15,0.00,0.00
-76.7,21.15,0.00,0.00
-76.65,21.15,0.00,0.00
-76.6,21.15,0.00,0.00
-76.55,21.15,0.00,0.00
-76.5,21.15,0.00,0.00
-76.45,21.15,0.00,0.00
-73.5,21.15,0.00,0.00
-73.45,21.15,0.00,0.00
-73.4,21.15,0.00,0.00
-73.35,21.15,0.00,0.00
-73.3,21.15,0.00,0.00
-73.25,21.15,0.00,0.00
-73.2,21.15,0.00,0.00
-73.15,21.15,0.00,0.00
-73.1,21.15,0.00,0.00
-73.05,21.15,0.00,0.00
-76.35,21.2,0.50,1.00
-76.3,21.2,0.50,1.00
-76.25,21.2,0.50,1.00
-76.2,21.2,0.50,1.00
-76.15,21.2,0.50,1.00
-87,21.2,0.38,0.00
-86.95,21.2,0.38,0.00
-86.9,21.2,0.38,0.00
-86.85,21.2,0.38,0.00
-86.8,21.2,0.38,0.00
-76.6,21.2,0.25,0.00
-76.4,21.2,0.25,0.50
-78.45,21.2,0.13,0.00
-78.4,21.2,0.13,0.00
-78.35,21.2,0.13,0.00
-78.3,21.2,0.13,0.00
-78.25,21.2,0.13,0.00
-78.2,21.2,0.13,0.00
-78.15,21.2,0.13,0.00
-78.1,21.2,0.13,0.00
-78.05,21.2,0.13,0.00
-78,21.2,0.13,0.00
-77.95,21.2,0.13,0.00
-77.9,21.2,0.13,0.00
-77.85,21.2,0.13,0.00
-77.8,21.2,0.13,0.00
-77.75,21.2,0.13,0.00
-77.7,21.2,0.13,0.00
-77.65,21.2,0.13,0.00
-77.6,21.2,0.13,0.00
-77.55,21.2,0.13,0.00
-77.5,21.2,0.13,0.00
-77.45,21.2,0.13,0.00
-77.4,21.2,0.13,0.00
-77.35,21.2,0.13,0.00
-77.3,21.2,0.13,0.00
-77.25,21.2,0.13,0.00
-77.2,21.2,0.13,0.00
-77.15,21.2,0.13,0.00
-77.1,21.2,0.13,0.00
-77.05,21.2,0.13,0.00
-77,21.2,0.13,0.00
-76.95,21.2,0.00,0.00
-76.9,21.2,0.00,0.00
-76.85,21.2,0.00,0.00
-76.8,21.2,0.00,0.00
-76.75,21.2,0.00,0.00
-76.7,21.2,0.00,0.00
-76.65,21.2,0.00,0.00
-76.55,21.2,0.00,0.00
-76.5,21.2,0.00,0.00
-76.45,21.2,0.00,0.00
-73.5,21.2,0.00,0.00
-73.45,21.2,0.00,0.00
-73.4,21.2,0.00,0.00
-73.35,21.2,0.00,0.00
-73.1,21.2,0.00,0.00
-73.05,21.2,0.00,0.00
-87,21.25,0.38,0.00
-86.95,21.25,0.38,0.00
-86.9,21.25,0.38,0.00
-86.85,21.25,0.38,0.00
-86.8,21.25,0.38,0.00
-86.7,21.25,0.38,0.00
-76.65,21.25,0.25,0.00
-76.6,21.25,0.25,0.00
-76.45,21.25,0.25,0.50
-76.4,21.25,0.25,0.50
-76.35,21.25,0.25,0.50
-76.3,21.25,0.25,0.50
-76.25,21.25,0.25,0.50
-78.5,21.25,0.13,0.00
-78.45,21.25,0.13,0.00
-78.4,21.25,0.13,0.00
-78.35,21.25,0.13,0.00
-78.3,21.25,0.13,0.00
-78.25,21.25,0.13,0.00
-78.2,21.25,0.13,0.00
-78.15,21.25,0.13,0.00
-78.1,21.25,0.13,0.00
-78.05,21.25,0.13,0.00
-78,21.25,0.13,0.00
-77.95,21.25,0.13,0.00
-77.9,21.25,0.13,0.00
-77.85,21.25,0.13,0.00
-77.8,21.25,0.13,0.00
-77.75,21.25,0.13,0.00
-77.7,21.25,0.13,0.00
-77.65,21.25,0.13,0.00
-77.6,21.25,0.13,0.00
-77.55,21.25,0.13,0.00
-77.5,21.25,0.13,0.00
-77.45,21.25,0.13,0.00
-77.4,21.25,0.13,0.00
-77.35,21.25,0.13,0.00
-77.3,21.25,0.13,0.00
-77.25,21.25,0.13,0.00
-77.2,21.25,0.13,0.00
-77.15,21.25,0.13,0.00
-77.1,21.25,0.13,0.00
-77.05,21.25,0.13,0.00
-77,21.25,0.13,0.00
-76.95,21.25,0.00,0.00
-76.9,21.25,0.00,0.00
-76.85,21.25,0.00,0.00
-76.8,21.25,0.00,0.00
-76.75,21.25,0.00,0.00
-76.7,21.25,0.00,0.00
-73.1,21.25,0.00,0.00
-73.05,21.25,0.00,0.00
-73,21.25,0.00,0.00
-76.6,21.3,0.63,0.00
-76.55,21.3,0.63,1.25
-76.5,21.3,0.63,1.25
-87,21.3,0.50,0.00
-86.9,21.3,0.38,0.00
-86.85,21.3,0.38,0.00
-86.8,21.3,0.38,0.00
-86.95,21.3,0.25,0.00
-76.7,21.3,0.25,0.00
-76.45,21.3,0.25,0.50
-76.4,21.3,0.25,0.50
-76.35,21.3,0.25,0.50
-78.45,21.3,0.13,0.00
-78.4,21.3,0.13,0.00
-78.35,21.3,0.13,0.00
-78.3,21.3,0.13,0.00
-78.25,21.3,0.13,0.00
-78.2,21.3,0.13,0.00
-78.15,21.3,0.13,0.00
-78.1,21.3,0.13,0.00
-78.05,21.3,0.13,0.00
-78,21.3,0.13,0.00
-77.95,21.3,0.13,0.00
-77.9,21.3,0.13,0.00
-77.85,21.3,0.13,0.00
-77.8,21.3,0.13,0.00
-77.75,21.3,0.13,0.00
-77.7,21.3,0.13,0.00
-77.65,21.3,0.13,0.00
-77.6,21.3,0.13,0.00
-77.55,21.3,0.13,0.00
-77.5,21.3,0.13,0.00
-77.45,21.3,0.13,0.00
-77.4,21.3,0.13,0.00
-77.35,21.3,0.13,0.00
-77.3,21.3,0.13,0.00
-77.25,21.3,0.13,0.00
-77.2,21.3,0.13,0.00
-77.15,21.3,0.13,0.00
-77.1,21.3,0.13,0.00
-77.05,21.3,0.13,0.00
-77,21.3,0.13,0.00
-76.95,21.3,0.13,0.00
-76.9,21.3,0.13,0.00
-76.85,21.3,0.13,0.00
-76.8,21.3,0.13,0.00
-76.75,21.3,0.13,0.00
-73.05,21.3,0.00,0.00
-73,21.3,0.00,0.00
-76.65,21.35,0.63,1.25
-87,21.35,0.38,0.00
-86.9,21.35,0.38,0.00
-86.85,21.35,0.38,0.00
-86.95,21.35,0.25,0.00
-78.5,21.35,0.13,0.00
-78.4,21.35,0.13,0.00
-78.35,21.35,0.13,0.00
-78.3,21.35,0.13,0.00
-78.25,21.35,0.13,0.00
-78.2,21.35,0.13,0.00
-78.15,21.35,0.13,0.00
-78.1,21.35,0.13,0.00
-78.05,21.35,0.13,0.00
-78,21.35,0.13,0.00
-77.95,21.35,0.13,0.00
-77.9,21.35,0.13,0.00
-77.85,21.35,0.13,0.00
-77.8,21.35,0.13,0.00
-77.75,21.35,0.13,0.00
-77.7,21.35,0.13,0.00
-77.65,21.35,0.13,0.00
-77.6,21.35,0.13,0.00
-77.55,21.35,0.13,0.00
-77.5,21.35,0.13,0.00
-77.45,21.35,0.13,0.00
-77.4,21.35,0.13,0.00
-77.35,21.35,0.13,0.00
-77.3,21.35,0.13,0.00
-77.25,21.35,0.13,0.00
-77.2,21.35,0.13,0.00
-77.15,21.35,0.13,0.00
-77.1,21.35,0.13,0.00
-77.05,21.35,0.13,0.00
-77,21.35,0.13,0.00
-76.95,21.35,0.13,0.00
-76.9,21.35,0.13,0.00
-76.8,21.35,0.13,0.00
-76.75,21.35,0.13,0.00
-76.7,21.35,0.13,0.25
-78.45,21.35,0.00,0.00
-73,21.35,0.00,0.00
-87,21.4,0.50,0.00
-86.9,21.4,0.50,0.00
-76.95,21.4,0.38,0.00
-86.95,21.4,0.25,0.00
-77,21.4,0.25,0.00
-76.9,21.4,0.25,0.00
-78.45,21.4,0.13,0.00
-78.4,21.4,0.13,0.00
-78.35,21.4,0.13,0.00
-78.3,21.4,0.13,0.00
-78.25,21.4,0.13,0.00
-78.2,21.4,0.13,0.00
-78.15,21.4,0.13,0.00
-78.1,21.4,0.13,0.00
-78.05,21.4,0.13,0.00
-78,21.4,0.13,0.00
-77.95,21.4,0.13,0.00
-77.9,21.4,0.13,0.00
-77.85,21.4,0.13,0.00
-77.8,21.4,0.13,0.00
-77.75,21.4,0.13,0.00
-77.7,21.4,0.13,0.00
-77.65,21.4,0.13,0.00
-77.6,21.4,0.13,0.00
-77.55,21.4,0.13,0.00
-77.5,21.4,0.13,0.00
-77.45,21.4,0.13,0.00
-77.4,21.4,0.13,0.00
-77.35,21.4,0.13,0.00
-77.3,21.4,0.13,0.00
-77.25,21.4,0.13,0.00
-77.2,21.4,0.13,0.00
-77.15,21.4,0.13,0.00
-77.1,21.4,0.13,0.00
-77.05,21.4,0.13,0.00
-76.8,21.4,0.13,0.25
-76.75,21.4,0.13,0.25
-78.5,21.4,0.00,0.00
-76.85,21.4,0.00,0.00
-87,21.45,0.50,0.00
-86.9,21.45,0.50,0.00
-86.8,21.45,0.50,0.00
-86.95,21.45,0.38,0.00
-77,21.45,0.25,0.00
-78.55,21.45,0.13,0.00
-78.45,21.45,0.13,0.00
-78.4,21.45,0.13,0.00
-78.35,21.45,0.13,0.00
-78.3,21.45,0.13,0.00
-78.25,21.45,0.13,0.00
-78.2,21.45,0.13,0.00
-78.15,21.45,0.13,0.00
-78.1,21.45,0.13,0.00
-78.05,21.45,0.13,0.00
-78,21.45,0.13,0.00
-77.95,21.45,0.13,0.00
-77.9,21.45,0.13,0.00
-77.85,21.45,0.13,0.00
-77.8,21.45,0.13,0.00
-77.75,21.45,0.13,0.00
-77.7,21.45,0.13,0.00
-77.65,21.45,0.13,0.00
-77.6,21.45,0.13,0.00
-77.55,21.45,0.13,0.00
-77.5,21.45,0.13,0.00
-77.45,21.45,0.13,0.00
-77.4,21.45,0.13,0.00
-77.35,21.45,0.13,0.00
-77.3,21.45,0.13,0.00
-77.25,21.45,0.13,0.00
-77.2,21.45,0.13,0.00
-77.15,21.45,0.13,0.00
-77.1,21.45,0.13,0.00
-77.05,21.45,0.13,0.00
-76.95,21.45,0.13,0.00
-76.9,21.45,0.13,0.00
-76.85,21.45,0.13,0.00
-78.5,21.45,0.00,0.00
-87,21.5,0.63,1.25
-86.95,21.5,0.50,0.00
-82.75,21.5,0.25,0.00
-77.05,21.5,0.25,0.00
-77,21.5,0.25,0.00
-83,21.5,0.13,0.00
-82.95,21.5,0.13,0.25
-82.9,21.5,0.13,0.25
-82.85,21.5,0.13,0.25
-82.8,21.5,0.13,0.00
-78.8,21.5,0.13,0.00
-78.55,21.5,0.13,0.00
-78.45,21.5,0.13,0.00
-78.4,21.5,0.13,0.00
-78.35,21.5,0.13,0.00
-78.3,21.5,0.13,0.00
-78.25,21.5,0.13,0.00
-78.2,21.5,0.13,0.00
-78.15,21.5,0.13,0.00
-78.1,21.5,0.13,0.00
-78.05,21.5,0.13,0.00
-78,21.5,0.13,0.00
-77.95,21.5,0.13,0.00
-77.9,21.5,0.13,0.00
-77.85,21.5,0.13,0.00
-77.75,21.5,0.13,0.00
-77.7,21.5,0.13,0.00
-77.65,21.5,0.13,0.00
-77.6,21.5,0.13,0.00
-77.55,21.5,0.13,0.00
-77.5,21.5,0.13,0.00
-77.45,21.5,0.13,0.00
-77.4,21.5,0.13,0.00
-77.35,21.5,0.13,0.00
-77.3,21.5,0.13,0.00
-77.25,21.5,0.13,0.00
-77.2,21.5,0.13,0.00
-77.15,21.5,0.13,0.00
-77.1,21.5,0.13,0.00
-76.95,21.5,0.13,0.00
-78.5,21.5,0.00,0.00
-77.8,21.5,0.00,0.00
-73,21.5,0.00,0.00
-87,21.55,0.50,0.00
-86.95,21.55,0.38,0.00
-77.1,21.55,0.38,0.00
-77.05,21.55,0.38,0.00
-82.7,21.55,0.25,0.00
-82.65,21.55,0.25,0.00
-82.6,21.55,0.25,0.00
-83.05,21.55,0.13,0.00
-83,21.55,0.13,0.00
-82.95,21.55,0.13,0.00
-82.9,21.55,0.13,0.00
-82.85,21.55,0.13,0.00
-82.8,21.55,0.13,0.00
-82.75,21.55,0.13,0.00
-78.6,21.55,0.13,0.00
-78.5,21.55,0.13,0.00
-78.45,21.55,0.13,0.00
-78.4,21.55,0.13,0.00
-78.35,21.55,0.13,0.00
-78.3,21.55,0.13,0.00
-78.25,21.55,0.13,0.00
-78.2,21.55,0.13,0.00
-78.15,21.55,0.13,0.00
-78.1,21.55,0.13,0.00
-78.05,21.55,0.13,0.00
-78,21.55,0.13,0.00
-77.95,21.55,0.13,0.00
-77.9,21.55,0.13,0.00
-77.85,21.55,0.13,0.00
-77.8,21.55,0.13,0.00
-77.75,21.55,0.13,0.00
-77.7,21.55,0.13,0.00
-77.65,21.55,0.13,0.00
-77.6,21.55,0.13,0.00
-77.55,21.55,0.13,0.00
-77.5,21.55,0.13,0.00
-77.45,21.55,0.13,0.00
-77.4,21.55,0.13,0.00
-77.35,21.55,0.13,0.00
-77.3,21.55,0.13,0.00
-77,21.55,0.13,0.25
-78.55,21.55,0.00,0.00
-73,21.55,0.00,0.00
-87,21.6,0.50,0.00
-77.05,21.6,0.38,0.75
-82.65,21.6,0.25,0.00
-82.6,21.6,0.25,0.00
-82.55,21.6,0.25,0.00
-83.1,21.6,0.13,0.25
-82.95,21.6,0.13,0.00
-82.9,21.6,0.13,0.00
-82.85,21.6,0.13,0.25
-82.8,21.6,0.13,0.00
-82.75,21.6,0.13,0.00
-82.7,21.6,0.13,0.00
-82.4,21.6,0.13,0.25
-79.25,21.6,0.13,0.00
-79.2,21.6,0.13,0.00
-79.15,21.6,0.13,0.25
-79.1,21.6,0.13,0.25
-78.65,21.6,0.13,0.00
-78.5,21.6,0.13,0.00
-78.45,21.6,0.13,0.00
-78.4,21.6,0.13,0.00
-78.35,21.6,0.13,0.00
-78.3,21.6,0.13,0.00
-78.25,21.6,0.13,0.00
-78.2,21.6,0.13,0.00
-78.15,21.6,0.13,0.00
-78.1,21.6,0.13,0.00
-78.05,21.6,0.13,0.00
-78,21.6,0.13,0.00
-77.95,21.6,0.13,0.00
-77.9,21.6,0.13,0.00
-77.85,21.6,0.13,0.00
-77.8,21.6,0.13,0.00
-77.75,21.6,0.13,0.00
-77.7,21.6,0.13,0.00
-77.65,21.6,0.13,0.00
-77.6,21.6,0.13,0.00
-77.55,21.6,0.13,0.00
-77.5,21.6,0.13,0.00
-77.45,21.6,0.13,0.00
-77.4,21.6,0.13,0.00
-77.35,21.6,0.13,0.00
-77.3,21.6,0.13,0.00
-77.15,21.6,0.13,0.00
-78.7,21.6,0.00,0.00
-78.6,21.6,0.00,0.00
-78.55,21.6,0.00,0.00
-82.95,21.65,0.38,0.75
-81.5,21.65,0.38,0.75
-77.2,21.65,0.38,0.00
-77.15,21.65,0.38,0.75
-82.65,21.65,0.25,0.00
-82.6,21.65,0.25,0.00
-82.55,21.65,0.25,0.00
-82.9,21.65,0.13,0.00
-82.85,21.65,0.13,0.13
-82.8,21.65,0.13,0.13
-82.75,21.65,0.13,0.00
-82.7,21.65,0.13,0.00
-82,21.65,0.13,0.00
-81.95,21.65,0.13,0.00
-81.9,21.65,0.13,0.25
-79.45,21.65,0.13,0.00
-79.4,21.65,0.13,0.00
-79.35,21.65,0.13,0.25
-79.3,21.65,0.13,0.25
-79.25,21.65,0.13,0.25
-79.2,21.65,0.13,0.25
-79.15,21.65,0.13,0.00
-79.1,21.65,0.13,0.00
-79.05,21.65,0.13,0.00
-79,21.65,0.13,0.00
-78.95,21.65,0.13,0.25
-78.9,21.65,0.13,0.25
-78.6,21.65,0.13,0.00
-78.55,21.65,0.13,0.00
-78.5,21.65,0.13,0.00
-78.45,21.65,0.13,0.00
-78.4,21.65,0.13,0.00
-78.35,21.65,0.13,0.00
-78.3,21.65,0.13,0.00
-78.25,21.65,0.13,0.00
-78.2,21.65,0.13,0.00
-78.15,21.65,0.13,0.00
-78.1,21.65,0.13,0.00
-78.05,21.65,0.13,0.00
-78,21.65,0.13,0.00
-77.95,21.65,0.13,0.00
-77.9,21.65,0.13,0.00
-77.85,21.65,0.13,0.00
-77.8,21.65,0.13,0.00
-77.75,21.65,0.13,0.00
-77.7,21.65,0.13,0.00
-77.65,21.65,0.13,0.13
-77.6,21.65,0.13,0.00
-77.55,21.65,0.13,0.00
-77.5,21.65,0.13,0.00
-77.45,21.65,0.13,0.00
-77.4,21.65,0.13,0.00
-77.35,21.65,0.13,0.00
-77.3,21.65,0.13,0.00
-78.85,21.65,0.00,0.00
-78.7,21.65,0.00,0.00
-78.65,21.65,0.00,0.00
-77.25,21.65,0.00,0.00
-81.4,21.7,0.38,0.00
-82.65,21.7,0.25,0.50
-82.6,21.7,0.25,0.50
-79.5,21.7,0.25,0.75
-82.95,21.7,0.13,0.25
-82.9,21.7,0.13,0.00
-82.85,21.7,0.13,0.00
-82.8,21.7,0.13,0.25
-82.75,21.7,0.13,0.25
-82.7,21.7,0.13,0.25
-79.35,21.7,0.13,0.00
-79.3,21.7,0.13,0.00
-79.25,21.7,0.13,0.00
-79.2,21.7,0.13,0.00
-79.15,21.7,0.13,0.00
-79.1,21.7,0.13,0.00
-79.05,21.7,0.13,0.00
-79,21.7,0.13,0.00
-78.95,21.7,0.13,0.00
-78.9,21.7,0.13,0.00
-78.85,21.7,0.13,0.00
-78.7,21.7,0.13,0.00
-78.65,21.7,0.13,0.00
-78.6,21.7,0.13,0.00
-78.55,21.7,0.13,0.00
-78.5,21.7,0.13,0.00
-78.45,21.7,0.13,0.00
-78.4,21.7,0.13,0.00
-78.35,21.7,0.13,0.00
-78.3,21.7,0.13,0.00
-78.25,21.7,0.13,0.00
-78.2,21.7,0.13,0.00
-78.15,21.7,0.13,0.00
-78.1,21.7,0.13,0.00
-78.05,21.7,0.13,0.00
-78,21.7,0.13,0.00
-77.95,21.7,0.13,0.00
-77.9,21.7,0.13,0.00
-77.85,21.7,0.13,0.00
-77.8,21.7,0.13,0.00
-77.75,21.7,0.13,0.00
-77.7,21.7,0.13,0.13
-77.65,21.7,0.13,0.13
-77.6,21.7,0.13,0.13
-77.55,21.7,0.13,0.00
-77.5,21.7,0.13,0.00
-77.45,21.7,0.13,0.00
-77.3,21.7,0.13,0.00
-77.25,21.7,0.13,0.00
-77.2,21.7,0.13,0.25
-79.55,21.7,0.00,0.00
-79.45,21.7,0.00,0.00
-79.4,21.7,0.00,0.00
-78.8,21.7,0.00,0.00
-78.75,21.7,0.00,0.00
-82.7,21.75,0.38,0.75
-82.65,21.75,0.38,0.75
-79.55,21.75,0.38,1.13
-77.3,21.75,0.38,0.75
-82.45,21.75,0.25,0.00
-79.6,21.75,0.25,0.75
-77.35,21.75,0.25,0.00
-83,21.75,0.13,0.25
-82.95,21.75,0.13,0.00
-82.9,21.75,0.13,0.00
-82.85,21.75,0.13,0.00
-82.8,21.75,0.13,0.00
-82.75,21.75,0.13,0.25
-82.6,21.75,0.13,0.25
-79.8,21.75,0.13,0.25
-79.7,21.75,0.13,0.25
-79.45,21.75,0.13,0.25
-79.4,21.75,0.13,0.25
-79.35,21.75,0.13,0.00
-79.3,21.75,0.13,0.00
-79.25,21.75,0.13,0.00
-79.2,21.75,0.13,0.00
-79.15,21.75,0.13,0.00
-79.1,21.75,0.13,0.00
-79.05,21.75,0.13,0.00
-79,21.75,0.13,0.00
-78.95,21.75,0.13,0.00
-78.9,21.75,0.13,0.00
-78.85,21.75,0.13,0.00
-78.8,21.75,0.13,0.00
-78.75,21.75,0.13,0.00
-78.7,21.75,0.13,0.00
-78.65,21.75,0.13,0.00
-78.6,21.75,0.13,0.00
-78.55,21.75,0.13,0.00
-78.5,21.75,0.13,0.00
-78.45,21.75,0.13,0.00
-78.4,21.75,0.13,0.00
-78.35,21.75,0.13,0.00
-78.3,21.75,0.13,0.00
-78.25,21.75,0.13,0.00
-78.2,21.75,0.13,0.00
-78.15,21.75,0.13,0.00
-78.1,21.75,0.13,0.00
-78.05,21.75,0.13,0.00
-78,21.75,0.13,0.00
-77.95,21.75,0.13,0.00
-77.9,21.75,0.13,0.13
-77.85,21.75,0.13,0.13
-77.8,21.75,0.13,0.25
-77.75,21.75,0.13,0.25
-77.7,21.75,0.13,0.13
-77.65,21.75,0.13,0.13
-77.6,21.75,0.13,0.00
-77.55,21.75,0.13,0.00
-77.5,21.75,0.13,0.00
-77.45,21.75,0.13,0.00
-79.75,21.75,0.00,0.00
-79.65,21.75,0.00,0.00
-79.5,21.75,0.00,0.00
-82.7,21.8,0.38,0.75
-77.4,21.8,0.38,0.75
-84.45,21.8,0.25,0.00
-83.05,21.8,0.13,0.25
-83,21.8,0.13,0.25
-82.95,21.8,0.13,0.00
-82.9,21.8,0.13,0.00
-82.85,21.8,0.13,0.00
-82.8,21.8,0.13,0.13
-82.75,21.8,0.13,0.25
-82.65,21.8,0.13,0.00
-82.6,21.8,0.13,0.25
-79.95,21.8,0.13,0.00
-79.9,21.8,0.13,0.00
-79.85,21.8,0.13,0.25
-79.8,21.8,0.13,0.25
-79.45,21.8,0.13,0.25
-79.4,21.8,0.13,0.25
-79.35,21.8,0.13,0.00
-79.3,21.8,0.13,0.00
-79.25,21.8,0.13,0.00
-79.2,21.8,0.13,0.00
-79.15,21.8,0.13,0.00
-79.1,21.8,0.13,0.00
-79.05,21.8,0.13,0.00
-79,21.8,0.13,0.00
-78.95,21.8,0.13,0.00
-78.9,21.8,0.13,0.00
-78.85,21.8,0.13,0.00
-78.8,21.8,0.13,0.00
-78.75,21.8,0.13,0.00
-78.7,21.8,0.13,0.00
-78.65,21.8,0.13,0.00
-78.6,21.8,0.13,0.00
-78.55,21.8,0.13,0.00
-78.5,21.8,0.13,0.00
-78.45,21.8,0.13,0.00
-78.4,21.8,0.13,0.00
-78.35,21.8,0.13,0.00
-78.3,21.8,0.13,0.00
-78.25,21.8,0.13,0.00
-78.2,21.8,0.13,0.00
-78.15,21.8,0.13,0.00
-78.1,21.8,0.13,0.00
-78.05,21.8,0.13,0.00
-78,21.8,0.13,0.00
-77.95,21.8,0.13,0.13
-77.9,21.8,0.13,0.13
-77.8,21.8,0.13,0.25
-77.75,21.8,0.13,0.13
-80,21.8,0.00,0.00
-79.75,21.8,0.00,0.00
-79.7,21.8,0.00,0.00
-79.65,21.8,0.00,0.00
-79.6,21.8,0.00,0.00
-79.55,21.8,0.00,0.00
-79.5,21.8,0.00,0.00
-77.85,21.8,0.00,0.00
-77.7,21.8,0.00,0.00
-77.65,21.8,0.00,0.00
-77.6,21.8,0.00,0.00
-77.55,21.8,0.00,0.00
-84.8,21.85,0.25,0.00
-84.45,21.85,0.25,0.00
-84.4,21.85,0.25,0.00
-84.35,21.85,0.25,0.00
-79.95,21.85,0.25,0.00
-79.85,21.85,0.25,0.50
-79.8,21.85,0.25,0.50
-83.05,21.85,0.13,0.00
-83,21.85,0.13,0.00
-82.95,21.85,0.13,0.00
-82.9,21.85,0.13,0.00
-82.85,21.85,0.13,0.00
-82.8,21.85,0.13,0.00
-82.75,21.85,0.13,0.00
-82.7,21.85,0.13,0.00
-79.75,21.85,0.13,0.25
-79.7,21.85,0.13,0.00
-79.65,21.85,0.13,0.00
-79.6,21.85,0.13,0.00
-79.5,21.85,0.13,0.00
-79.45,21.85,0.13,0.00
-79.35,21.85,0.13,0.00
-79.3,21.85,0.13,0.00
-79.25,21.85,0.13,0.00
-79.2,21.85,0.13,0.00
-79.15,21.85,0.13,0.00
-79.1,21.85,0.13,0.00
-79.05,21.85,0.13,0.00
-79,21.85,0.13,0.00
-78.95,21.85,0.13,0.00
-78.9,21.85,0.13,0.00
-78.85,21.85,0.13,0.00
-78.8,21.85,0.13,0.00
-78.75,21.85,0.13,0.00
-78.7,21.85,0.13,0.00
-78.65,21.85,0.13,0.00
-78.6,21.85,0.13,0.00
-78.55,21.85,0.13,0.00
-78.5,21.85,0.13,0.00
-78.45,21.85,0.13,0.00
-78.4,21.85,0.13,0.00
-78.35,21.85,0.13,0.00
-78.3,21.85,0.13,0.00
-78.25,21.85,0.13,0.00
-77.95,21.85,0.13,0.13
-77.9,21.85,0.13,0.13
-77.85,21.85,0.13,0.13
-77.8,21.85,0.13,0.13
-77.75,21.85,0.13,0.13
-77.45,21.85,0.13,0.25
-80.05,21.85,0.00,0.00
-80,21.85,0.00,0.00
-79.9,21.85,0.00,0.00
-79.55,21.85,0.00,0.00
-79.4,21.85,0.00,0.00
-78.2,21.85,0.00,0.00
-78.15,21.85,0.00,0.00
-78.1,21.85,0.00,0.00
-78.05,21.85,0.00,0.00
-78,21.85,0.00,0.00
-77.55,21.85,0.00,0.00
-77.5,21.85,0.00,0.00
-84.9,21.9,0.25,0.00
-84.85,21.9,0.25,0.50
-84.8,21.9,0.25,0.00
-84.75,21.9,0.25,0.00
-84.35,21.9,0.25,0.00
-84.3,21.9,0.25,0.00
-84.4,21.9,0.13,0.00
-83,21.9,0.13,0.00
-82.95,21.9,0.13,0.00
-82.9,21.9,0.13,0.00
-82.85,21.9,0.13,0.00
-82.8,21.9,0.13,0.00
-82.75,21.9,0.13,0.00
-82.7,21.9,0.13,0.00
-80.2,21.9,0.13,0.00
-80.15,21.9,0.13,0.00
-80.05,21.9,0.13,0.25
-80,21.9,0.13,0.25
-79.95,21.9,0.13,0.00
-79.9,21.9,0.13,0.00
-79.75,21.9,0.13,0.00
-79.65,21.9,0.13,0.00
-79.6,21.9,0.13,0.00
-79.55,21.9,0.13,0.00
-79.5,21.9,0.13,0.00
-79.45,21.9,0.13,0.00
-79.4,21.9,0.13,0.00
-79.35,21.9,0.13,0.25
-79.2,21.9,0.13,0.00
-79.15,21.9,0.13,0.00
-79.1,21.9,0.13,0.00
-79.05,21.9,0.13,0.00
-79,21.9,0.13,0.00
-78.95,21.9,0.13,0.00
-78.9,21.9,0.13,0.00
-78.85,21.9,0.13,0.00
-78.8,21.9,0.13,0.00
-78.75,21.9,0.13,0.00
-78.7,21.9,0.13,0.00
-78.65,21.9,0.13,0.00
-78.6,21.9,0.13,0.00
-78.55,21.9,0.13,0.00
-78.5,21.9,0.13,0.00
-78.45,21.9,0.13,0.00
-78.4,21.9,0.13,0.00
-78.35,21.9,0.13,0.00
-78.3,21.9,0.13,0.00
-78.25,21.9,0.13,0.00
-78.2,21.9,0.13,0.00
-78.15,21.9,0.13,0.00
-78,21.9,0.13,0.00
-80.1,21.9,0.00,0.00
-79.85,21.9,0.00,0.00
-79.8,21.9,0.00,0.00
-79.7,21.9,0.00,0.00
-79.3,21.9,0.00,0.00
-79.25,21.9,0.00,0.00
-78.1,21.9,0.00,0.00
-78.05,21.9,0.00,0.00
-77.95,21.9,0.00,0.00
-77.9,21.9,0.00,0.00
-77.8,21.9,0.00,0.00
-77.75,21.9,0.00,0.00
-77.6,21.9,0.00,0.00
-77.55,21.9,0.00,0.00
-77.5,21.9,0.00,0.00
-84.9,21.95,0.25,0.00
-84.8,21.95,0.25,0.00
-84.7,21.95,0.25,0.00
-84.65,21.95,0.25,0.00
-84.6,21.95,0.25,0.00
-84.45,21.95,0.25,0.00
-84.4,21.95,0.25,0.00
-79.4,21.95,0.25,0.50
-84.35,21.95,0.13,0.00
-84.3,21.95,0.13,0.00
-84.25,21.95,0.13,0.00
-84.2,21.95,0.13,0.00
-84.15,21.95,0.13,0.00
-84,21.95,0.13,0.25
-82.9,21.95,0.13,0.00
-82.85,21.95,0.13,0.00
-82.8,21.95,0.13,0.00
-80.25,21.95,0.13,0.00
-80.2,21.95,0.13,0.00
-80.15,21.95,0.13,0.00
-80.1,21.95,0.13,0.13
-80.05,21.95,0.13,0.00
-80,21.95,0.13,0.00
-79.95,21.95,0.13,0.00
-79.9,21.95,0.13,0.00
-79.85,21.95,0.13,0.00
-79.8,21.95,0.13,0.00
-79.6,21.95,0.13,0.00
-79.55,21.95,0.13,0.13
-79.5,21.95,0.13,0.13
-79.45,21.95,0.13,0.00
-79.15,21.95,0.13,0.00
-79.1,21.95,0.13,0.00
-79.05,21.95,0.13,0.00
-79,21.95,0.13,0.00
-78.95,21.95,0.13,0.00
-78.9,21.95,0.13,0.00
-78.85,21.95,0.13,0.00
-78.8,21.95,0.13,0.00
-78.75,21.95,0.13,0.00
-78.7,21.95,0.13,0.00
-78.65,21.95,0.13,0.00
-78.6,21.95,0.13,0.00
-78.55,21.95,0.13,0.00
-78.5,21.95,0.13,0.00
-78.45,21.95,0.13,0.00
-78.4,21.95,0.13,0.00
-78.35,21.95,0.13,0.00
-78.3,21.95,0.13,0.00
-78.25,21.95,0.13,0.00
-78.2,21.95,0.13,0.00
-78.15,21.95,0.13,0.00
-78,21.95,0.13,0.00
-79.75,21.95,0.00,0.00
-79.7,21.95,0.00,0.00
-79.65,21.95,0.00,0.00
-79.35,21.95,0.00,0.00
-79.3,21.95,0.00,0.00
-79.25,21.95,0.00,0.00
-79.2,21.95,0.00,0.00
-78.1,21.95,0.00,0.00
-78.05,21.95,0.00,0.00
-77.95,21.95,0.00,0.00
-77.65,21.95,0.00,0.00
-77.6,21.95,0.00,0.00
-77.55,21.95,0.00,0.00
-80,22,0.63,0.00
-79.55,22,0.63,0.00
-79.9,22,0.38,0.38
-84.6,22,0.25,0.00
-79.95,22,0.25,0.25
-84.55,22,0.13,0.00
-84.5,22,0.13,0.00
-84.45,22,0.13,0.00
-84.4,22,0.13,0.00
-84.35,22,0.13,0.00
-84.3,22,0.13,0.00
-84.25,22,0.13,0.00
-84.2,22,0.13,0.00
-84.15,22,0.13,0.00
-84.1,22,0.13,0.00
-84.05,22,0.13,0.00
-84,22,0.13,0.00
-80.3,22,0.13,0.25
-80.25,22,0.13,0.00
-80.15,22,0.13,0.13
-80.1,22,0.13,0.13
-80.05,22,0.13,0.13
-79.85,22,0.13,0.13
-79.7,22,0.13,0.00
-79.6,22,0.13,0.13
-79.5,22,0.13,0.13
-79.2,22,0.13,0.00
-79.15,22,0.13,0.00
-79.1,22,0.13,0.00
-79.05,22,0.13,0.00
-79,22,0.13,0.00
-78.95,22,0.13,0.00
-78.9,22,0.13,0.00
-78.85,22,0.13,0.00
-78.8,22,0.13,0.00
-78.75,22,0.13,0.00
-78.7,22,0.13,0.00
-78.65,22,0.13,0.00
-78.6,22,0.13,0.00
-78.55,22,0.13,0.00
-78.4,22,0.13,0.00
-78.35,22,0.13,0.00
-78.3,22,0.13,0.00
-78.25,22,0.13,0.00
-78.2,22,0.13,0.00
-78.15,22,0.13,0.00
-78.1,22,0.13,0.00
-78.05,22,0.13,0.00
-78,22,0.13,0.00
-80.2,22,0.00,0.00
-79.8,22,0.00,0.00
-79.75,22,0.00,0.00
-79.65,22,0.00,0.00
-79.45,22,0.00,0.00
-79.4,22,0.00,0.00
-79.35,22,0.00,0.00
-79.3,22,0.00,0.00
-79.25,22,0.00,0.00
-78.5,22,0.00,0.00
-78.45,22,0.00,0.00
-77.75,22,0.00,0.00
-77.7,22,0.00,0.00
-77.65,22,0.00,0.00
-79.85,22.05,1.00,1.00
-79.55,22.05,1.00,0.00
-79.6,22.05,0.88,0.88
-79.9,22.05,0.25,0.25
-77.85,22.05,0.25,0.00
-84.5,22.05,0.13,0.13
-84.4,22.05,0.13,0.00
-84.35,22.05,0.13,0.00
-84.25,22.05,0.13,0.00
-84.2,22.05,0.13,0.00
-84.15,22.05,0.13,0.00
-84.1,22.05,0.13,0.00
-84.05,22.05,0.13,0.00
-84,22.05,0.13,0.00
-83.95,22.05,0.13,0.00
-80.35,22.05,0.13,0.25
-80.3,22.05,0.13,0.25
-80.25,22.05,0.13,0.00
-80.2,22.05,0.13,0.00
-80.15,22.05,0.13,0.00
-79.7,22.05,0.13,0.13
-79.65,22.05,0.13,0.13
-79.35,22.05,0.13,0.00
-79.3,22.05,0.13,0.00
-79.05,22.05,0.13,0.00
-79,22.05,0.13,0.00
-78.95,22.05,0.13,0.00
-78.9,22.05,0.13,0.00
-78.85,22.05,0.13,0.00
-78.8,22.05,0.13,0.00
-78.75,22.05,0.13,0.00
-78.7,22.05,0.13,0.00
-78.65,22.05,0.13,0.00
-78.6,22.05,0.13,0.00
-78.55,22.05,0.13,0.00
-78.5,22.05,0.13,0.00
-78.3,22.05,0.13,0.00
-78.25,22.05,0.13,0.00
-78.2,22.05,0.13,0.00
-78.15,22.05,0.13,0.00
-78.1,22.05,0.13,0.00
-78.05,22.05,0.13,0.00
-78,22.05,0.13,0.00
-77.75,22.05,0.13,0.00
-77.7,22.05,0.13,0.00
-77.65,22.05,0.13,0.00
-80.1,22.05,0.00,0.00
-80.05,22.05,0.00,0.00
-80,22.05,0.00,0.00
-79.95,22.05,0.00,0.00
-79.8,22.05,0.00,0.00
-79.75,22.05,0.00,0.00
-79.5,22.05,0.00,0.00
-79.45,22.05,0.00,0.00
-79.4,22.05,0.00,0.00
-79.25,22.05,0.00,0.00
-79.2,22.05,0.00,0.00
-79.15,22.05,0.00,0.00
-79.1,22.05,0.00,0.00
-78.45,22.05,0.00,0.00
-78.4,22.05,0.00,0.00
-78.35,22.05,0.00,0.00
-79.85,22.1,0.50,0.50
-80.95,22.1,0.25,0.50
-80.7,22.1,0.25,0.50
-80.65,22.1,0.25,0.50
-80.1,22.1,0.25,0.25
-79.9,22.1,0.25,0.25
-77.9,22.1,0.25,0.00
-84.25,22.1,0.13,0.13
-84.2,22.1,0.13,0.13
-84.15,22.1,0.13,0.00
-84.1,22.1,0.13,0.00
-84.05,22.1,0.13,0.00
-84,22.1,0.13,0.00
-83.95,22.1,0.13,0.00
-80.9,22.1,0.13,0.00
-80.8,22.1,0.13,0.25
-80.75,22.1,0.13,0.25
-80.2,22.1,0.13,0.00
-80.15,22.1,0.13,0.00
-79.55,22.1,0.13,0.13
-79.45,22.1,0.13,0.00
-79,22.1,0.13,0.00
-78.8,22.1,0.13,0.00
-78.75,22.1,0.13,0.00
-78.7,22.1,0.13,0.00
-78.65,22.1,0.13,0.00
-78.6,22.1,0.13,0.00
-78.55,22.1,0.13,0.00
-78.5,22.1,0.13,0.00
-78.45,22.1,0.13,0.00
-78.4,22.1,0.13,0.00
-78.35,22.1,0.13,0.00
-78.3,22.1,0.13,0.00
-78.25,22.1,0.13,0.00
-78.2,22.1,0.13,0.00
-78.15,22.1,0.13,0.00
-78.1,22.1,0.13,0.00
-78.05,22.1,0.13,0.00
-77.85,22.1,0.13,0.00
-77.8,22.1,0.13,0.00
-77.75,22.1,0.13,0.00
-81.55,22.1,0.00,0.00
-81,22.1,0.00,0.00
-80.85,22.1,0.00,0.00
-80.6,22.1,0.00,0.00
-80.55,22.1,0.00,0.00
-80.5,22.1,0.00,0.00
-80.45,22.1,0.00,0.00
-80.4,22.1,0.00,0.00
-80.35,22.1,0.00,0.00
-80.3,22.1,0.00,0.00
-80.25,22.1,0.00,0.00
-80.05,22.1,0.00,0.00
-80,22.1,0.00,0.00
-79.95,22.1,0.00,0.00
-79.8,22.1,0.00,0.00
-79.75,22.1,0.00,0.00
-79.7,22.1,0.00,0.00
-79.65,22.1,0.00,0.00
-79.6,22.1,0.00,0.00
-79.5,22.1,0.00,0.00
-79.4,22.1,0.00,0.00
-79.35,22.1,0.00,0.00
-79.3,22.1,0.00,0.00
-79.25,22.1,0.00,0.00
-79.2,22.1,0.00,0.00
-79.15,22.1,0.00,0.00
-79.1,22.1,0.00,0.00
-79.05,22.1,0.00,0.00
-78.95,22.1,0.00,0.00
-78.9,22.1,0.00,0.00
-78.85,22.1,0.00,0.00
-79.85,22.15,1.00,0.00
-80.05,22.15,0.75,0.00
-80,22.15,0.75,0.75
-79.95,22.15,0.50,0.50
-79.9,22.15,0.50,0.50
-77.9,22.15,0.25,0.00
-84.3,22.15,0.13,0.00
-84.25,22.15,0.13,0.00
-84.2,22.15,0.13,0.13
-84.15,22.15,0.13,0.00
-84.1,22.15,0.13,0.00
-84.05,22.15,0.13,0.00
-84,22.15,0.13,0.00
-83.95,22.15,0.13,0.00
-81.6,22.15,0.13,0.00
-81.35,22.15,0.13,0.00
-81.3,22.15,0.13,0.25
-81.25,22.15,0.13,0.00
-81.2,22.15,0.13,0.00
-80.8,22.15,0.13,0.00
-80.75,22.15,0.13,0.00
-80.2,22.15,0.13,0.00
-79.55,22.15,0.13,0.13
-79.3,22.15,0.13,0.00
-78.8,22.15,0.13,0.00
-78.75,22.15,0.13,0.00
-78.7,22.15,0.13,0.00
-78.65,22.15,0.13,0.00
-78.6,22.15,0.13,0.00
-78.55,22.15,0.13,0.00
-78.5,22.15,0.13,0.00
-78.45,22.15,0.13,0.00
-78.4,22.15,0.13,0.13
-78.35,22.15,0.13,0.00
-78.3,22.15,0.13,0.00
-78.25,22.15,0.13,0.00
-78.2,22.15,0.13,0.00
-78.15,22.15,0.13,0.00
-77.85,22.15,0.13,0.00
-81.05,22.15,0.00,0.00
-81,22.15,0.00,0.00
-80.95,22.15,0.00,0.00
-80.9,22.15,0.00,0.00
-80.85,22.15,0.00,0.00
-80.7,22.15,0.00,0.00
-80.65,22.15,0.00,0.00
-80.6,22.15,0.00,0.00
-80.55,22.15,0.00,0.00
-80.5,22.15,0.00,0.00
-80.45,22.15,0.00,0.00
-80.4,22.15,0.00,0.00
-80.35,22.15,0.00,0.00
-80.3,22.15,0.00,0.00
-80.25,22.15,0.00,0.00
-80.15,22.15,0.00,0.00
-80.1,22.15,0.00,0.00
-79.8,22.15,0.00,0.00
-79.75,22.15,0.00,0.00
-79.7,22.15,0.00,0.00
-79.65,22.15,0.00,0.00
-79.6,22.15,0.00,0.00
-79.5,22.15,0.00,0.00
-79.45,22.15,0.00,0.00
-79.4,22.15,0.00,0.00
-79.35,22.15,0.00,0.00
-79.25,22.15,0.00,0.00
-79.2,22.15,0.00,0.00
-79.15,22.15,0.00,0.00
-79.1,22.15,0.00,0.00
-79.05,22.15,0.00,0.00
-79,22.15,0.00,0.00
-78.95,22.15,0.00,0.00
-78.9,22.15,0.00,0.00
-78.85,22.15,0.00,0.00
-79.9,22.2,0.88,0.00
-84.35,22.2,0.38,0.00
-84.3,22.2,0.38,0.00
-84.25,22.2,0.38,0.00
-84.2,22.2,0.13,0.00
-84.15,22.2,0.13,0.13
-84.1,22.2,0.13,0.00
-84.05,22.2,0.13,0.13
-84,22.2,0.13,0.00
-83.95,22.2,0.13,0.00
-83.9,22.2,0.13,0.00
-83.75,22.2,0.13,0.00
-81.6,22.2,0.13,0.00
-81.35,22.2,0.13,0.25
-81.3,22.2,0.13,0.25
-81.1,22.2,0.13,0.00
-81.05,22.2,0.13,0.00
-81,22.2,0.13,0.00
-80.95,22.2,0.13,0.00
-80.9,22.2,0.13,0.25
-80.85,22.2,0.13,0.25
-80.8,22.2,0.13,0.00
-79.7,22.2,0.13,0.13
-79.65,22.2,0.13,0.13
-79.6,22.2,0.13,0.13
-79.55,22.2,0.13,0.13
-79.5,22.2,0.13,0.13
-79.45,22.2,0.13,0.13
-78.95,22.2,0.13,0.00
-78.9,22.2,0.13,0.00
-78.85,22.2,0.13,0.00
-78.8,22.2,0.13,0.00
-78.75,22.2,0.13,0.00
-78.7,22.2,0.13,0.00
-78.65,22.2,0.13,0.00
-78.6,22.2,0.13,0.00
-78.55,22.2,0.13,0.00
-78.5,22.2,0.13,0.00
-78.45,22.2,0.13,0.00
-81.25,22.2,0.00,0.00
-81.2,22.2,0.00,0.00
-80.75,22.2,0.00,0.00
-80.7,22.2,0.00,0.00
-80.65,22.2,0.00,0.00
-80.6,22.2,0.00,0.00
-80.55,22.2,0.00,0.00
-80.5,22.2,0.00,0.00
-80.45,22.2,0.00,0.00
-80.4,22.2,0.00,0.00
-80.35,22.2,0.00,0.00
-80.3,22.2,0.00,0.00
-80.25,22.2,0.00,0.00
-80.2,22.2,0.00,0.00
-80.15,22.2,0.00,0.00
-80.1,22.2,0.00,0.00
-80.05,22.2,0.00,0.00
-80,22.2,0.00,0.00
-79.95,22.2,0.00,0.00
-79.85,22.2,0.00,0.00
-79.8,22.2,0.00,0.00
-79.75,22.2,0.00,0.00
-79.4,22.2,0.00,0.00
-79.35,22.2,0.00,0.00
-79.3,22.2,0.00,0.00
-79.25,22.2,0.00,0.00
-79.2,22.2,0.00,0.00
-79.15,22.2,0.00,0.00
-79.1,22.2,0.00,0.00
-79.05,22.2,0.00,0.00
-79,22.2,0.00,0.00
-78.4,22.2,0.00,0.00
-78.35,22.2,0.00,0.00
-78.3,22.2,0.00,0.00
-78.05,22.2,0.00,0.00
-77.95,22.2,0.00,0.00
-77.9,22.2,0.00,0.00
-74.25,22.25,0.50,1.00
-84.3,22.25,0.38,0.00
-83.85,22.25,0.38,0.38
-83.8,22.25,0.38,0.00
-83.75,22.25,0.38,0.00
-83.7,22.25,0.38,0.00
-83.65,22.25,0.38,0.00
-83.6,22.25,0.38,0.00
-81.75,22.25,0.38,0.00
-81.7,22.25,0.38,0.00
-81.65,22.25,0.38,0.00
-81.6,22.25,0.38,0.00
-81.55,22.25,0.38,0.00
-80.4,22.25,0.38,0.75
-83.5,22.25,0.25,0.50
-84.35,22.25,0.13,0.00
-84.25,22.25,0.13,0.13
-84.2,22.25,0.13,0.13
-84.15,22.25,0.13,0.00
-84.1,22.25,0.13,0.00
-84.05,22.25,0.13,0.00
-84,22.25,0.13,0.13
-83.95,22.25,0.13,0.13
-83.9,22.25,0.13,0.13
-83.45,22.25,0.13,0.00
-83.4,22.25,0.13,0.00
-83.35,22.25,0.13,0.00
-81.8,22.25,0.13,0.25
-81.5,22.25,0.13,0.00
-81.45,22.25,0.13,0.00
-81.4,22.25,0.13,0.00
-81.35,22.25,0.13,0.00
-81.3,22.25,0.13,0.00
-81.25,22.25,0.13,0.00
-81.2,22.25,0.13,0.00
-81.1,22.25,0.13,0.00
-80.95,22.25,0.13,0.00
-80.9,22.25,0.13,0.00
-80.85,22.25,0.13,0.00
-80.8,22.25,0.13,0.00
-80.75,22.25,0.13,0.00
-80.7,22.25,0.13,0.00
-80.65,22.25,0.13,0.00
-80.6,22.25,0.13,0.00
-80.55,22.25,0.13,0.00
-80.5,22.25,0.13,0.00
-79.45,22.25,0.13,0.13
-79.4,22.25,0.13,0.13
-79.35,22.25,0.13,0.13
-78.85,22.25,0.13,0.00
-78.8,22.25,0.13,0.00
-78.75,22.25,0.13,0.00
-78.7,22.25,0.13,0.00
-78.65,22.25,0.13,0.00
-78.6,22.25,0.13,0.00
-78.55,22.25,0.13,0.00
-78.5,22.25,0.13,0.00
-78.45,22.25,0.13,0.00
-78.4,22.25,0.13,0.00
-81.05,22.25,0.00,0.00
-81,22.25,0.00,0.00
-80.45,22.25,0.00,0.00
-80.35,22.25,0.00,0.00
-80.3,22.25,0.00,0.00
-80.25,22.25,0.00,0.00
-80.2,22.25,0.00,0.00
-80.15,22.25,0.00,0.00
-80.1,22.25,0.00,0.00
-80.05,22.25,0.00,0.00
-80,22.25,0.00,0.00
-79.95,22.25,0.00,0.00
-79.9,22.25,0.00,0.00
-79.85,22.25,0.00,0.00
-79.8,22.25,0.00,0.00
-79.75,22.25,0.00,0.00
-79.7,22.25,0.00,0.00
-79.65,22.25,0.00,0.00
-79.6,22.25,0.00,0.00
-79.55,22.25,0.00,0.00
-79.5,22.25,0.00,0.00
-79.3,22.25,0.00,0.00
-79.25,22.25,0.00,0.00
-79.2,22.25,0.00,0.00
-79.15,22.25,0.00,0.00
-79.1,22.25,0.00,0.00
-79.05,22.25,0.00,0.00
-79,22.25,0.00,0.00
-78.95,22.25,0.00,0.00
-78.9,22.25,0.00,0.00
-77.95,22.25,0.00,0.00
-77.9,22.25,0.00,0.00
-74.2,22.25,0.00,0.00
-83.8,22.3,1.00,0.00
-84.2,22.3,0.88,0.00
-80.45,22.3,0.88,0.00
-83.85,22.3,0.63,0.63
-84.15,22.3,0.50,0.50
-84,22.3,0.38,0.38
-83.95,22.3,0.38,0.38
-81.9,22.3,0.38,0.00
-81.75,22.3,0.38,0.00
-83.5,22.3,0.25,0.50
-83.45,22.3,0.25,0.50
-83.4,22.3,0.25,0.00
-83.35,22.3,0.25,0.00
-80.6,22.3,0.25,0.50
-84.35,22.3,0.13,0.00
-84.3,22.3,0.13,0.00
-84.25,22.3,0.13,0.00
-84.1,22.3,0.13,0.13
-84.05,22.3,0.13,0.13
-83.9,22.3,0.13,0.13
-83.7,22.3,0.13,0.13
-83.65,22.3,0.13,0.13
-83.6,22.3,0.13,0.13
-83.55,22.3,0.13,0.25
-83.3,22.3,0.13,0.00
-81.85,22.3,0.13,0.00
-81.8,22.3,0.13,0.00
-81.7,22.3,0.13,0.00
-81.65,22.3,0.13,0.00
-81.6,22.3,0.13,0.00
-81.55,22.3,0.13,0.00
-81.5,22.3,0.13,0.00
-81.45,22.3,0.13,0.00
-81.4,22.3,0.13,0.00
-81.35,22.3,0.13,0.00
-81.3,22.3,0.13,0.00
-81.25,22.3,0.13,0.00
-81.2,22.3,0.13,0.00
-81.15,22.3,0.13,0.00
-81.1,22.3,0.13,0.00
-80.8,22.3,0.13,0.00
-80.75,22.3,0.13,0.00
-79.35,22.3,0.13,0.13
-78.95,22.3,0.13,0.00
-78.9,22.3,0.13,0.00
-78.85,22.3,0.13,0.00
-78.8,22.3,0.13,0.00
-78.75,22.3,0.13,0.00
-78.7,22.3,0.13,0.00
-83.75,22.3,0.00,0.00
-81.05,22.3,0.00,0.00
-81,22.3,0.00,0.00
-80.95,22.3,0.00,0.00
-80.9,22.3,0.00,0.00
-80.85,22.3,0.00,0.00
-80.7,22.3,0.00,0.00
-80.65,22.3,0.00,0.00
-80.55,22.3,0.00,0.00
-80.5,22.3,0.00,0.00
-80.4,22.3,0.00,0.00
-80.35,22.3,0.00,0.00
-80.3,22.3,0.00,0.00
-80.25,22.3,0.00,0.00
-80.2,22.3,0.00,0.00
-80.15,22.3,0.00,0.00
-80.1,22.3,0.00,0.00
-80.05,22.3,0.00,0.00
-80,22.3,0.00,0.00
-79.95,22.3,0.00,0.00
-79.9,22.3,0.00,0.00
-79.85,22.3,0.00,0.00
-79.8,22.3,0.00,0.00
-79.75,22.3,0.00,0.00
-79.7,22.3,0.00,0.00
-79.65,22.3,0.00,0.00
-79.6,22.3,0.00,0.00
-79.55,22.3,0.00,0.00
-79.5,22.3,0.00,0.00
-79.45,22.3,0.00,0.00
-79.4,22.3,0.00,0.00
-79.3,22.3,0.00,0.00
-79.25,22.3,0.00,0.00
-79.2,22.3,0.00,0.00
-79.15,22.3,0.00,0.00
-79.1,22.3,0.00,0.00
-79.05,22.3,0.00,0.00
-79,22.3,0.00,0.00
-78.65,22.3,0.00,0.00
-78.6,22.3,0.00,0.00
-78.55,22.3,0.00,0.00
-78.5,22.3,0.00,0.00
-78,22.3,0.00,0.00
-77.95,22.3,0.00,0.00
-74.15,22.3,0.00,0.00
-83.65,22.35,1.00,1.00
-84.2,22.35,0.88,0.00
-84.1,22.35,0.75,0.00
-84.05,22.35,0.75,0.00
-84.35,22.35,0.38,0.00
-84.15,22.35,0.38,0.38
-84,22.35,0.38,0.38
-83.95,22.35,0.38,0.38
-83.75,22.35,0.38,0.38
-81.8,22.35,0.38,0.00
-83.9,22.35,0.25,0.25
-83.8,22.35,0.25,0.25
-83.55,22.35,0.25,0.00
-83.5,22.35,0.25,0.00
-83.45,22.35,0.25,0.00
-83.35,22.35,0.25,0.50
-80,22.35,0.25,0.50
-79.85,22.35,0.25,0.25
-78.15,22.35,0.25,0.00
-78.1,22.35,0.25,0.00
-84.3,22.35,0.13,0.00
-84.25,22.35,0.13,0.13
-83.85,22.35,0.13,0.13
-83.7,22.35,0.13,0.13
-83.6,22.35,0.13,0.13
-83.4,22.35,0.13,0.00
-83.3,22.35,0.13,0.25
-82,22.35,0.13,0.00
-81.95,22.35,0.13,0.00
-81.9,22.35,0.13,0.00
-81.85,22.35,0.13,0.00
-81.75,22.35,0.13,0.00
-81.7,22.35,0.13,0.00
-81.65,22.35,0.13,0.00
-81.6,22.35,0.13,0.00
-81.55,22.35,0.13,0.00
-81.5,22.35,0.13,0.00
-81.45,22.35,0.13,0.00
-81.4,22.35,0.13,0.00
-81.35,22.35,0.13,0.00
-81.3,22.35,0.13,0.00
-81.25,22.35,0.13,0.00
-81.2,22.35,0.13,0.00
-81.15,22.35,0.13,0.00
-80.95,22.35,0.13,0.25
-80.85,22.35,0.13,0.25
-80.8,22.35,0.13,0.00
-80.75,22.35,0.13,0.00
-80.7,22.35,0.13,0.00
-80.65,22.35,0.13,0.00
-80.6,22.35,0.13,0.00
-80.4,22.35,0.13,0.13
-80.1,22.35,0.13,0.13
-79.25,22.35,0.13,0.13
-78.65,22.35,0.13,0.00
-81.1,22.35,0.00,0.00
-81.05,22.35,0.00,0.00
-81,22.35,0.00,0.00
-80.9,22.35,0.00,0.00
-80.55,22.35,0.00,0.00
-80.5,22.35,0.00,0.00
-80.45,22.35,0.00,0.00
-80.35,22.35,0.00,0.00
-80.3,22.35,0.00,0.00
-80.25,22.35,0.00,0.00
-80.2,22.35,0.00,0.00
-80.15,22.35,0.00,0.00
-80.05,22.35,0.00,0.00
-79.95,22.35,0.00,0.00
-79.9,22.35,0.00,0.00
-79.8,22.35,0.00,0.00
-79.75,22.35,0.00,0.00
-79.7,22.35,0.00,0.00
-79.65,22.35,0.00,0.00
-79.6,22.35,0.00,0.00
-79.55,22.35,0.00,0.00
-79.5,22.35,0.00,0.00
-79.45,22.35,0.00,0.00
-79.4,22.35,0.00,0.00
-79.35,22.35,0.00,0.00
-79.3,22.35,0.00,0.00
-79.2,22.35,0.00,0.00
-79.15,22.35,0.00,0.00
-79.1,22.35,0.00,0.00
-79.05,22.35,0.00,0.00
-79,22.35,0.00,0.00
-78.95,22.35,0.00,0.00
-78.9,22.35,0.00,0.00
-78.85,22.35,0.00,0.00
-78.8,22.35,0.00,0.00
-78.75,22.35,0.00,0.00
-78.6,22.35,0.00,0.00
-78.05,22.35,0.00,0.00
-74.1,22.35,0.00,0.00
-74.05,22.35,0.00,0.00
-83.65,22.4,1.00,0.00
-84.25,22.4,0.88,0.00
-84.2,22.4,0.88,0.00
-84.15,22.4,0.88,0.00
-84.3,22.4,0.75,0.75
-84.05,22.4,0.75,0.75
-79.8,22.4,0.75,0.00
-83.5,22.4,0.50,0.50
-83.45,22.4,0.50,1.00
-83.35,22.4,0.50,1.00
-83.15,22.4,0.50,1.00
-73.1,22.4,0.50,0.00
-73.05,22.4,0.50,0.00
-84.1,22.4,0.38,0.38
-84,22.4,0.38,0.38
-83.95,22.4,0.38,0.38
-83.6,22.4,0.38,0.38
-83.55,22.4,0.38,0.00
-83.4,22.4,0.38,0.75
-83.3,22.4,0.38,0.75
-83.85,22.4,0.25,0.25
-83.8,22.4,0.25,0.25
-83.2,22.4,0.25,0.50
-80.05,22.4,0.25,0.50
-80,22.4,0.25,0.50
-79.95,22.4,0.25,0.50
-79.9,22.4,0.25,0.50
-79.85,22.4,0.25,0.50
-78.25,22.4,0.25,0.00
-83.9,22.4,0.13,0.13
-83.75,22.4,0.13,0.25
-83.7,22.4,0.13,0.13
-83.25,22.4,0.13,0.25
-82.1,22.4,0.13,0.00
-82.05,22.4,0.13,0.00
-82,22.4,0.13,0.00
-81.95,22.4,0.13,0.00
-81.9,22.4,0.13,0.00
-81.85,22.4,0.13,0.00
-81.8,22.4,0.13,0.00
-81.75,22.4,0.13,0.00
-81.7,22.4,0.13,0.00
-81.65,22.4,0.13,0.00
-81.6,22.4,0.13,0.00
-81.55,22.4,0.13,0.00
-81.5,22.4,0.13,0.00
-81.45,22.4,0.13,0.00
-81.4,22.4,0.13,0.00
-81.35,22.4,0.13,0.00
-81.3,22.4,0.13,0.00
-81.25,22.4,0.13,0.00
-81.2,22.4,0.13,0.00
-81.15,22.4,0.13,0.00
-80.95,22.4,0.13,0.25
-80.9,22.4,0.13,0.25
-80.85,22.4,0.13,0.00
-80.8,22.4,0.13,0.00
-80.75,22.4,0.13,0.25
-80.7,22.4,0.13,0.00
-80.65,22.4,0.13,0.00
-80.6,22.4,0.13,0.25
-80.55,22.4,0.13,0.13
-80.5,22.4,0.13,0.13
-80.1,22.4,0.13,0.25
-79.7,22.4,0.13,0.13
-79.65,22.4,0.13,0.13
-79.6,22.4,0.13,0.25
-79.55,22.4,0.13,0.25
-79.5,22.4,0.13,0.25
-79.45,22.4,0.13,0.13
-79.35,22.4,0.13,0.25
-79.3,22.4,0.13,0.13
-79.25,22.4,0.13,0.00
-79.2,22.4,0.13,0.00
-78.8,22.4,0.13,0.00
-78.75,22.4,0.13,0.00
-78.1,22.4,0.13,0.00
-74.05,22.4,0.13,0.25
-81.1,22.4,0.00,0.00
-81.05,22.4,0.00,0.00
-81,22.4,0.00,0.00
-80.45,22.4,0.00,0.00
-80.4,22.4,0.00,0.00
-80.35,22.4,0.00,0.00
-80.3,22.4,0.00,0.00
-80.25,22.4,0.00,0.00
-80.2,22.4,0.00,0.00
-80.15,22.4,0.00,0.00
-79.75,22.4,0.00,0.00
-79.4,22.4,0.00,0.00
-79.15,22.4,0.00,0.00
-79.1,22.4,0.00,0.00
-79.05,22.4,0.00,0.00
-79,22.4,0.00,0.00
-78.95,22.4,0.00,0.00
-78.9,22.4,0.00,0.00
-78.85,22.4,0.00,0.00
-78.2,22.4,0.00,0.00
-78.15,22.4,0.00,0.00
-74,22.4,0.00,0.00
-73.95,22.4,0.00,0.00
-73,22.4,0.00,0.00
-73,22.45,1.00,2.00
-84.2,22.45,0.88,0.00
-84.15,22.45,0.88,0.00
-83.85,22.45,0.88,0.00
-73.1,22.45,0.88,0.00
-83.95,22.45,0.75,0.00
-83.9,22.45,0.75,0.00
-84.1,22.45,0.63,0.00
-83.7,22.45,0.63,0.63
-83.65,22.45,0.63,0.63
-84.3,22.45,0.38,0.00
-84.05,22.45,0.38,0.38
-84,22.45,0.38,0.38
-83.2,22.45,0.38,0.00
-83.15,22.45,0.25,0.50
-83.1,22.45,0.25,0.50
-80.4,22.45,0.25,0.00
-80.05,22.45,0.25,0.25
-80,22.45,0.25,0.25
-79.95,22.45,0.25,0.50
-79.9,22.45,0.25,0.50
-79.85,22.45,0.25,0.50
-79.8,22.45,0.25,0.25
-78.2,22.45,0.25,0.00
-78.15,22.45,0.25,0.00
-84.25,22.45,0.13,0.13
-83.6,22.45,0.13,0.13
-83.55,22.45,0.13,0.13
-83.5,22.45,0.13,0.13
-83.45,22.45,0.13,0.25
-83.4,22.45,0.13,0.00
-83.35,22.45,0.13,0.00
-83.3,22.45,0.13,0.00
-83.25,22.45,0.13,0.00
-82.1,22.45,0.13,0.00
-82.05,22.45,0.13,0.00
-82,22.45,0.13,0.00
-81.95,22.45,0.13,0.00
-81.9,22.45,0.13,0.00
-81.85,22.45,0.13,0.00
-81.8,22.45,0.13,0.00
-81.75,22.45,0.13,0.00
-81.7,22.45,0.13,0.00
-81.65,22.45,0.13,0.00
-81.6,22.45,0.13,0.00
-81.55,22.45,0.13,0.00
-81.5,22.45,0.13,0.00
-81.45,22.45,0.13,0.00
-81.4,22.45,0.13,0.00
-81.35,22.45,0.13,0.00
-81.25,22.45,0.13,0.13
-81.2,22.45,0.13,0.00
-81.1,22.45,0.13,0.25
-81.05,22.45,0.13,0.25
-81,22.45,0.13,0.25
-80.95,22.45,0.13,0.00
-80.9,22.45,0.13,0.00
-80.85,22.45,0.13,0.00
-80.8,22.45,0.13,0.00
-80.6,22.45,0.13,0.25
-80.55,22.45,0.13,0.00
-80.5,22.45,0.13,0.00
-79.75,22.45,0.13,0.13
-79.7,22.45,0.13,0.13
-79.65,22.45,0.13,0.13
-79.6,22.45,0.13,0.13
-79.55,22.45,0.13,0.25
-79.5,22.45,0.13,0.25
-79.45,22.45,0.13,0.25
-79.35,22.45,0.13,0.25
-73.05,22.45,0.13,0.25
-83.8,22.45,0.00,0.00
-83.75,22.45,0.00,0.00
-81.3,22.45,0.00,0.00
-81.15,22.45,0.00,0.00
-80.75,22.45,0.00,0.00
-80.7,22.45,0.00,0.00
-80.65,22.45,0.00,0.00
-80.45,22.45,0.00,0.00
-80.35,22.45,0.00,0.00
-80.3,22.45,0.00,0.00
-80.25,22.45,0.00,0.00
-80.2,22.45,0.00,0.00
-80.15,22.45,0.00,0.00
-80.1,22.45,0.00,0.00
-79.4,22.45,0.00,0.00
-78.25,22.45,0.00,0.00
-73.95,22.45,0.00,0.00
-84.25,22.5,0.88,0.00
-84.2,22.5,0.88,0.00
-84.15,22.5,0.88,0.00
-83.95,22.5,0.75,0.00
-83.75,22.5,0.75,0.00
-83.65,22.5,0.63,0.63
-83.7,22.5,0.50,0.50
-84.1,22.5,0.38,0.00
-84.05,22.5,0.38,0.38
-83.15,22.5,0.38,0.00
-83.1,22.5,0.38,0.00
-84,22.5,0.25,0.25
-83.9,22.5,0.25,0.00
-80.1,22.5,0.25,0.25
-80.05,22.5,0.25,0.25
-79.95,22.5,0.25,0.50
-79.9,22.5,0.25,0.50
-79.85,22.5,0.25,0.50
-79.8,22.5,0.25,0.50
-79.75,22.5,0.25,0.50
-78.55,22.5,0.25,0.00
-78.5,22.5,0.25,0.00
-83.85,22.5,0.13,0.13
-83.6,22.5,0.13,0.13
-83.55,22.5,0.13,0.13
-83.4,22.5,0.13,0.00
-83.35,22.5,0.13,0.00
-83.3,22.5,0.13,0.00
-83.2,22.5,0.13,0.00
-81.65,22.5,0.13,0.00
-81.6,22.5,0.13,0.00
-81.55,22.5,0.13,0.00
-81.5,22.5,0.13,0.00
-81.45,22.5,0.13,0.00
-81.4,22.5,0.13,0.00
-81.35,22.5,0.13,0.00
-81.25,22.5,0.13,0.00
-81.2,22.5,0.13,0.00
-81.1,22.5,0.13,0.25
-81.05,22.5,0.13,0.00
-81,22.5,0.13,0.00
-80.95,22.5,0.13,0.25
-80.9,22.5,0.13,0.00
-80.85,22.5,0.13,0.00
-80.8,22.5,0.13,0.00
-80.75,22.5,0.13,0.00
-80.6,22.5,0.13,0.13
-80.55,22.5,0.13,0.00
-80.5,22.5,0.13,0.00
-80,22.5,0.13,0.13
-79.7,22.5,0.13,0.13
-79.65,22.5,0.13,0.13
-79.6,22.5,0.13,0.13
-79.55,22.5,0.13,0.25
-79.5,22.5,0.13,0.25
-79.45,22.5,0.13,0.25
-78.4,22.5,0.13,0.00
-78.35,22.5,0.13,0.00
-78.3,22.5,0.13,0.00
-83.8,22.5,0.00,0.00
-83.5,22.5,0.00,0.00
-83.45,22.5,0.00,0.00
-83.25,22.5,0.00,0.00
-81.3,22.5,0.00,0.00
-81.15,22.5,0.00,0.00
-80.7,22.5,0.00,0.00
-80.65,22.5,0.00,0.00
-80.45,22.5,0.00,0.00
-80.4,22.5,0.00,0.00
-80.35,22.5,0.00,0.00
-80.3,22.5,0.00,0.00
-80.25,22.5,0.00,0.00
-80.2,22.5,0.00,0.00
-80.15,22.5,0.00,0.00
-79.4,22.5,0.00,0.00
-78.45,22.5,0.00,0.00
-73.85,22.55,1.00,2.00
-84.15,22.55,0.88,0.88
-84.1,22.55,0.88,0.88
-84.05,22.55,0.88,0.88
-83.7,22.55,0.88,0.00
-83.95,22.55,0.75,0.00
-83.9,22.55,0.75,0.00
-83.65,22.55,0.63,0.63
-84,22.55,0.38,0.38
-83.5,22.55,0.38,0.38
-83.15,22.55,0.38,0.00
-83.1,22.55,0.38,0.75
-83.05,22.55,0.38,0.75
-80.75,22.55,0.38,0.00
-80,22.55,0.38,0.38
-79.95,22.55,0.38,0.38
-79.85,22.55,0.38,0.38
-78.65,22.55,0.38,1.13
-83.4,22.55,0.25,0.25
-83.25,22.55,0.25,0.00
-83.2,22.55,0.25,0.00
-83,22.55,0.25,0.50
-81.6,22.55,0.25,0.00
-81.55,22.55,0.25,0.25
-81.45,22.55,0.25,0.25
-81.4,22.55,0.25,0.25
-81.35,22.55,0.25,0.00
-81.05,22.55,0.25,0.25
-81,22.55,0.25,0.25
-80.95,22.55,0.25,0.50
-80.9,22.55,0.25,0.00
-80.7,22.55,0.25,0.00
-80.65,22.55,0.25,0.00
-80.6,22.55,0.25,0.50
-80.55,22.55,0.25,0.50
-80.5,22.55,0.25,0.50
-80.45,22.55,0.25,0.50
-80.4,22.55,0.25,0.50
-80.35,22.55,0.25,0.25
-80.3,22.55,0.25,0.25
-80.25,22.55,0.25,0.25
-80.2,22.55,0.25,0.25
-80.15,22.55,0.25,0.25
-80.1,22.55,0.25,0.25
-80.05,22.55,0.25,0.25
-79.9,22.55,0.25,0.25
-79.8,22.55,0.25,0.25
-79.75,22.55,0.25,0.25
-78.95,22.55,0.25,0.75
-83.6,22.55,0.13,0.13
-83.55,22.55,0.13,0.13
-83.45,22.55,0.13,0.13
-83.35,22.55,0.13,0.25
-80.8,22.55,0.13,0.00
-79.7,22.55,0.13,0.13
-79.5,22.55,0.13,0.25
-79.45,22.55,0.13,0.25
-83.85,22.55,0.00,0.00
-83.8,22.55,0.00,0.00
-83.75,22.55,0.00,0.00
-83.3,22.55,0.00,0.00
-81.5,22.55,0.00,0.00
-81.3,22.55,0.00,0.00
-81.25,22.55,0.00,0.00
-81.2,22.55,0.00,0.00
-81.15,22.55,0.00,0.00
-81.1,22.55,0.00,0.00
-80.85,22.55,0.00,0.00
-79.65,22.55,0.00,0.00
-79.6,22.55,0.00,0.00
-79.55,22.55,0.00,0.00
-78.6,22.55,0.00,0.00
-78.55,22.55,0.00,0.00
-78.5,22.55,0.00,0.00
-78.45,22.55,0.00,0.00
-78.4,22.55,0.00,0.00
-78.35,22.55,0.00,0.00
-84.1,22.6,0.88,0.00
-84.05,22.6,0.88,0.00
-83.9,22.6,0.88,0.00
-83.65,22.6,0.88,0.00
-83.55,22.6,0.88,0.88
-83.85,22.6,0.75,0.00
-83.8,22.6,0.75,0.00
-74.35,22.6,0.63,0.00
-83.6,22.6,0.50,0.50
-73.85,22.6,0.50,0.00
-84.15,22.6,0.38,0.38
-83.25,22.6,0.38,0.38
-83,22.6,0.38,0.75
-82.95,22.6,0.38,0.75
-82.9,22.6,0.38,0.75
-82.5,22.6,0.38,0.75
-80.75,22.6,0.38,0.00
-83.75,22.6,0.25,0.25
-83.5,22.6,0.25,0.25
-83.2,22.6,0.25,0.50
-83.15,22.6,0.25,0.50
-83.1,22.6,0.25,0.50
-83.05,22.6,0.25,0.50
-81.6,22.6,0.25,0.50
-81.55,22.6,0.25,0.50
-81.5,22.6,0.25,0.00
-81.45,22.6,0.25,0.25
-81.4,22.6,0.25,0.25
-81.3,22.6,0.25,0.00
-81.15,22.6,0.25,0.00
-81.1,22.6,0.25,0.25
-81.05,22.6,0.25,0.00
-81,22.6,0.25,0.00
-80.95,22.6,0.25,0.25
-80.9,22.6,0.25,0.50
-80.85,22.6,0.25,0.00
-80.7,22.6,0.25,0.00
-80.65,22.6,0.25,0.00
-80.6,22.6,0.25,0.25
-80.55,22.6,0.25,0.50
-80.5,22.6,0.25,0.50
-80.45,22.6,0.25,0.25
-80.4,22.6,0.25,0.00
-80.35,22.6,0.25,0.25
-80.3,22.6,0.25,0.25
-80.25,22.6,0.25,0.25
-80.2,22.6,0.25,0.25
-80.15,22.6,0.25,0.25
-80.1,22.6,0.25,0.25
-80.05,22.6,0.25,0.25
-80,22.6,0.25,0.25
-79.85,22.6,0.25,0.25
-79.8,22.6,0.25,0.25
-79.75,22.6,0.25,0.25
-84,22.6,0.13,0.13
-83.45,22.6,0.13,0.13
-83.4,22.6,0.13,0.25
-83.35,22.6,0.13,0.00
-83.3,22.6,0.13,0.25
-83.95,22.6,0.00,0.00
-83.7,22.6,0.00,0.00
-81.35,22.6,0.00,0.00
-81.25,22.6,0.00,0.00
-81.2,22.6,0.00,0.00
-80.8,22.6,0.00,0.00
-79.95,22.6,0.00,0.00
-79.9,22.6,0.00,0.00
-79.7,22.6,0.00,0.00
-79.65,22.6,0.00,0.00
-79.6,22.6,0.00,0.00
-79.55,22.6,0.00,0.00
-84.05,22.65,0.88,0.00
-83.35,22.65,0.88,0.00
-83.3,22.65,0.88,0.00
-73.85,22.65,0.88,1.75
-83.9,22.65,0.75,0.00
-83.8,22.65,0.75,0.00
-83.75,22.65,0.75,0.00
-84,22.65,0.63,0.00
-83.45,22.65,0.63,0.00
-83.65,22.65,0.50,0.50
-83,22.65,0.50,0.00
-74,22.65,0.50,0.00
-73.95,22.65,0.50,0.00
-84.1,22.65,0.38,0.00
-83.6,22.65,0.38,0.38
-83.5,22.65,0.38,0.00
-83.25,22.65,0.38,0.75
-83.2,22.65,0.38,0.75
-83.15,22.65,0.38,0.75
-83.1,22.65,0.38,0.75
-83.05,22.65,0.38,0.75
-82.95,22.65,0.38,0.75
-82.85,22.65,0.38,0.75
-82.8,22.65,0.38,0.75
-82.5,22.65,0.38,0.75
-80.75,22.65,0.38,0.00
-79.3,22.65,0.38,0.00
-83.95,22.65,0.25,0.25
-83.55,22.65,0.25,0.25
-82.9,22.65,0.25,0.50
-81.7,22.65,0.25,0.50
-81.65,22.65,0.25,0.50
-81.6,22.65,0.25,0.50
-81.55,22.65,0.25,0.50
-81.5,22.65,0.25,0.00
-81.45,22.65,0.25,0.25
-81.4,22.65,0.25,0.25
-81.35,22.65,0.25,0.00
-81.3,22.65,0.25,0.25
-81.25,22.65,0.25,0.25
-81.2,22.65,0.25,0.25
-81.15,22.65,0.25,0.25
-81.1,22.65,0.25,0.25
-81.05,22.65,0.25,0.00
-81,22.65,0.25,0.00
-80.95,22.65,0.25,0.25
-80.9,22.65,0.25,0.00
-80.85,22.65,0.25,0.00
-80.8,22.65,0.25,0.00
-80.7,22.65,0.25,0.00
-80.65,22.65,0.25,0.00
-80.6,22.65,0.25,0.00
-80.55,22.65,0.25,0.50
-80.5,22.65,0.25,0.50
-80.45,22.65,0.25,0.25
-80.4,22.65,0.25,0.25
-80.35,22.65,0.25,0.25
-80.3,22.65,0.25,0.25
-80.25,22.65,0.25,0.25
-80.2,22.65,0.25,0.25
-80.15,22.65,0.25,0.25
-80.1,22.65,0.25,0.25
-80.05,22.65,0.25,0.50
-80,22.65,0.25,0.50
-79.15,22.65,0.25,0.50
-79.1,22.65,0.25,0.50
-83.7,22.65,0.13,0.13
-83.4,22.65,0.13,0.25
-73.9,22.65,0.13,0.25
-83.85,22.65,0.00,0.00
-79.95,22.65,0.00,0.00
-79.9,22.65,0.00,0.00
-79.85,22.65,0.00,0.00
-79.8,22.65,0.00,0.00
-79.75,22.65,0.00,0.00
-79.7,22.65,0.00,0.00
-79.65,22.65,0.00,0.00
-79.6,22.65,0.00,0.00
-79.55,22.65,0.00,0.00
-74.3,22.65,0.00,0.00
-83.8,22.7,1.00,0.00
-83.6,22.7,1.00,0.00
-83.55,22.7,1.00,0.00
-83.95,22.7,0.88,0.00
-83.7,22.7,0.88,0.00
-83.65,22.7,0.88,0.00
-83.3,22.7,0.88,0.00
-73.95,22.7,0.88,1.75
-73.9,22.7,0.88,1.75
-83.85,22.7,0.75,0.75
-83.75,22.7,0.75,0.00
-83.5,22.7,0.63,0.63
-83.45,22.7,0.63,0.63
-83.9,22.7,0.50,0.50
-83.4,22.7,0.50,0.00
-83.35,22.7,0.50,0.00
-74.15,22.7,0.50,0.00
-84,22.7,0.38,0.38
-83.25,22.7,0.38,0.38
-83.2,22.7,0.38,0.75
-83.15,22.7,0.38,0.75
-83.1,22.7,0.38,0.75
-83.05,22.7,0.38,0.75
-83,22.7,0.38,0.75
-82.95,22.7,0.38,0.75
-82.9,22.7,0.38,0.75
-82.1,22.7,0.38,0.00
-82.05,22.7,0.38,0.00
-81.8,22.7,0.38,0.75
-81.75,22.7,0.38,0.75
-80.95,22.7,0.38,0.00
-82.85,22.7,0.25,0.50
-82.8,22.7,0.25,0.50
-81.7,22.7,0.25,0.50
-81.65,22.7,0.25,0.50
-81.6,22.7,0.25,0.50
-81.55,22.7,0.25,0.50
-81.5,22.7,0.25,0.50
-81.45,22.7,0.25,0.50
-81.4,22.7,0.25,0.25
-81.35,22.7,0.25,0.25
-81.3,22.7,0.25,0.25
-81.25,22.7,0.25,0.25
-81.15,22.7,0.25,0.25
-81.1,22.7,0.25,0.25
-80.9,22.7,0.25,0.00
-80.85,22.7,0.25,0.00
-80.8,22.7,0.25,0.00
-80.75,22.7,0.25,0.00
-80.7,22.7,0.25,0.00
-80.65,22.7,0.25,0.00
-80.6,22.7,0.25,0.25
-80.55,22.7,0.25,0.25
-80.5,22.7,0.25,0.25
-80.45,22.7,0.25,0.25
-80.4,22.7,0.25,0.25
-80.35,22.7,0.25,0.25
-80.3,22.7,0.25,0.25
-80.25,22.7,0.25,0.25
-80.2,22.7,0.25,0.25
-80.15,22.7,0.25,0.25
-80.1,22.7,0.25,0.25
-80.05,22.7,0.25,0.25
-79.35,22.7,0.25,0.50
-81.2,22.7,0.00,0.00
-81.05,22.7,0.00,0.00
-81,22.7,0.00,0.00
-80,22.7,0.00,0.00
-79.95,22.7,0.00,0.00
-79.9,22.7,0.00,0.00
-79.85,22.7,0.00,0.00
-79.8,22.7,0.00,0.00
-79.75,22.7,0.00,0.00
-79.7,22.7,0.00,0.00
-79.65,22.7,0.00,0.00
-79.6,22.7,0.00,0.00
-79.5,22.7,0.00,0.00
-83.55,22.75,1.00,1.00
-74.05,22.75,1.00,2.00
-73.85,22.75,1.00,2.00
-83.9,22.75,0.88,0.00
-83.8,22.75,0.88,0.00
-83.75,22.75,0.88,0.88
-83.7,22.75,0.88,0.00
-83.65,22.75,0.88,0.00
-83.6,22.75,0.88,0.88
-83.4,22.75,0.88,0.88
-83.35,22.75,0.88,0.88
-83.3,22.75,0.88,0.88
-83.1,22.75,0.88,0.00
-83.05,22.75,0.88,0.88
-83,22.75,0.88,0.88
-82.85,22.75,0.88,0.00
-74.1,22.75,0.88,1.75
-74,22.75,0.88,1.75
-83.15,22.75,0.75,0.00
-83.85,22.75,0.63,0.00
-74.25,22.75,0.63,0.00
-83.5,22.75,0.38,0.38
-83.45,22.75,0.38,0.00
-82.95,22.75,0.38,0.75
-82.9,22.75,0.38,0.75
-82.8,22.75,0.38,0.38
-82.75,22.75,0.38,0.38
-82.65,22.75,0.38,0.75
-82.6,22.75,0.38,0.75
-82.55,22.75,0.38,0.75
-82.5,22.75,0.38,0.75
-82.45,22.75,0.38,0.75
-82.4,22.75,0.38,0.75
-80.95,22.75,0.38,0.00
-74.15,22.75,0.38,0.00
-82.7,22.75,0.25,0.50
-82.35,22.75,0.25,0.50
-82.3,22.75,0.25,0.50
-82.25,22.75,0.25,0.50
-82.2,22.75,0.25,0.50
-82.15,22.75,0.25,0.50
-82.1,22.75,0.25,0.50
-82.05,22.75,0.25,0.50
-82,22.75,0.25,0.50
-81.95,22.75,0.25,0.50
-81.9,22.75,0.25,0.50
-81.85,22.75,0.25,0.50
-81.8,22.75,0.25,0.50
-81.75,22.75,0.25,0.50
-81.7,22.75,0.25,0.50
-81.65,22.75,0.25,0.50
-81.6,22.75,0.25,0.50
-81.55,22.75,0.25,0.50
-81.5,22.75,0.25,0.50
-81.45,22.75,0.25,0.50
-81.4,22.75,0.25,0.50
-81.35,22.75,0.25,0.50
-80.9,22.75,0.25,0.00
-80.85,22.75,0.25,0.00
-80.8,22.75,0.25,0.25
-80.75,22.75,0.25,0.25
-80.7,22.75,0.25,0.00
-80.65,22.75,0.25,0.00
-80.6,22.75,0.25,0.50
-80.55,22.75,0.25,0.25
-80.5,22.75,0.25,0.25
-80.45,22.75,0.25,0.25
-80.4,22.75,0.25,0.25
-80.35,22.75,0.25,0.25
-80.3,22.75,0.25,0.25
-80.25,22.75,0.25,0.25
-80.2,22.75,0.25,0.25
-80.15,22.75,0.25,0.25
-80.1,22.75,0.25,0.25
-80.05,22.75,0.25,0.50
-80,22.75,0.25,0.25
-79.5,22.75,0.25,0.50
-79.45,22.75,0.25,0.50
-83.25,22.75,0.00,0.00
-83.2,22.75,0.00,0.00
-81.3,22.75,0.00,0.00
-81.25,22.75,0.00,0.00
-81.2,22.75,0.00,0.00
-81.15,22.75,0.00,0.00
-81.1,22.75,0.00,0.00
-81.05,22.75,0.00,0.00
-81,22.75,0.00,0.00
-79.95,22.75,0.00,0.00
-79.9,22.75,0.00,0.00
-79.85,22.75,0.00,0.00
-79.8,22.75,0.00,0.00
-79.75,22.75,0.00,0.00
-79.7,22.75,0.00,0.00
-79.65,22.75,0.00,0.00
-74.2,22.75,0.00,0.00
-83.5,22.8,1.00,0.00
-74.2,22.8,1.00,2.00
-83.7,22.8,0.88,0.00
-83.65,22.8,0.88,0.00
-83.6,22.8,0.88,0.00
-83.55,22.8,0.88,0.88
-83.4,22.8,0.88,0.88
-83.35,22.8,0.88,0.88
-83.3,22.8,0.88,0.88
-83.25,22.8,0.88,0.00
-83.15,22.8,0.88,0.88
-83.1,22.8,0.88,0.88
-82.95,22.8,0.88,0.00
-82.85,22.8,0.88,0.00
-83,22.8,0.75,0.00
-82.9,22.8,0.75,0.75
-82.8,22.8,0.75,0.00
-82.75,22.8,0.75,0.00
-82.55,22.8,0.75,0.75
-83.45,22.8,0.50,0.00
-74.25,22.8,0.50,0.00
-82.7,22.8,0.38,0.75
-82.65,22.8,0.38,0.75
-82.2,22.8,0.38,0.75
-80.95,22.8,0.38,0.00
-82.6,22.8,0.25,0.50
-82.5,22.8,0.25,0.50
-82.45,22.8,0.25,0.50
-82.4,22.8,0.25,0.50
-82.35,22.8,0.25,0.50
-82.3,22.8,0.25,0.50
-82.25,22.8,0.25,0.50
-82.15,22.8,0.25,0.50
-82.1,22.8,0.25,0.50
-82.05,22.8,0.25,0.50
-82,22.8,0.25,0.00
-81.95,22.8,0.25,0.50
-81.9,22.8,0.25,0.50
-81.85,22.8,0.25,0.50
-81.8,22.8,0.25,0.50
-81.75,22.8,0.25,0.50
-81.7,22.8,0.25,0.50
-81.65,22.8,0.25,0.50
-81.6,22.8,0.25,0.50
-81.55,22.8,0.25,0.50
-81.5,22.8,0.25,0.50
-81.45,22.8,0.25,0.50
-81.4,22.8,0.25,0.50
-81.35,22.8,0.25,0.50
-81.3,22.8,0.25,0.25
-81.25,22.8,0.25,0.00
-81.2,22.8,0.25,0.00
-81.15,22.8,0.25,0.00
-81.1,22.8,0.25,0.00
-81.05,22.8,0.25,0.00
-81,22.8,0.25,0.00
-80.9,22.8,0.25,0.25
-80.85,22.8,0.25,0.00
-80.8,22.8,0.25,0.00
-80.75,22.8,0.25,0.00
-80.7,22.8,0.25,0.00
-80.65,22.8,0.25,0.00
-80.6,22.8,0.25,0.00
-80.55,22.8,0.25,0.25
-80.5,22.8,0.25,0.25
-80.45,22.8,0.25,0.25
-80.4,22.8,0.25,0.25
-80.35,22.8,0.25,0.25
-80.3,22.8,0.25,0.25
-80.25,22.8,0.25,0.25
-80.2,22.8,0.25,0.25
-80.15,22.8,0.25,0.25
-80.1,22.8,0.25,0.25
-80.05,22.8,0.25,0.25
-80,22.8,0.25,0.50
-79.95,22.8,0.25,0.25
-79.85,22.8,0.25,0.25
-79.8,22.8,0.25,0.25
-79.75,22.8,0.25,0.50
-83.2,22.8,0.00,0.00
-83.05,22.8,0.00,0.00
-79.9,22.8,0.00,0.00
-83.55,22.85,0.88,0.00
-83.45,22.85,0.88,0.00
-83.4,22.85,0.88,0.88
-83.35,22.85,0.88,0.88
-83,22.85,0.88,0.88
-82.9,22.85,0.88,0.88
-82.85,22.85,0.88,0.88
-82.55,22.85,0.88,0.00
-83.3,22.85,0.75,0.75
-83.25,22.85,0.75,0.75
-83.15,22.85,0.75,0.75
-83.05,22.85,0.75,0.75
-82.95,22.85,0.75,0.75
-82.8,22.85,0.63,0.00
-74.3,22.85,0.50,0.00
-83.6,22.85,0.38,0.38
-83.5,22.85,0.38,0.38
-82.75,22.85,0.38,0.38
-82.65,22.85,0.38,0.38
-82.6,22.85,0.38,0.38
-82.4,22.85,0.38,0.38
-82.2,22.85,0.38,0.00
-81.75,22.85,0.38,0.75
-81.7,22.85,0.38,0.75
-81.65,22.85,0.38,0.75
-80.05,22.85,0.38,0.75
-80,22.85,0.38,0.38
-82.7,22.85,0.25,0.50
-82.5,22.85,0.25,0.25
-82.45,22.85,0.25,0.50
-82.35,22.85,0.25,0.25
-82.3,22.85,0.25,0.25
-82.25,22.85,0.25,0.25
-81.8,22.85,0.25,0.50
-81.6,22.85,0.25,0.50
-81.55,22.85,0.25,0.50
-81.5,22.85,0.25,0.50
-81.45,22.85,0.25,0.50
-81.4,22.85,0.25,0.50
-81.35,22.85,0.25,0.50
-81.3,22.85,0.25,0.25
-81.25,22.85,0.25,0.25
-81.2,22.85,0.25,0.00
-81.15,22.85,0.25,0.25
-81.1,22.85,0.25,0.00
-81.05,22.85,0.25,0.00
-81,22.85,0.25,0.00
-80.95,22.85,0.25,0.00
-80.9,22.85,0.25,0.25
-80.85,22.85,0.25,0.25
-80.8,22.85,0.25,0.25
-80.75,22.85,0.25,0.00
-80.7,22.85,0.25,0.25
-80.65,22.85,0.25,0.25
-80.6,22.85,0.25,0.25
-80.55,22.85,0.25,0.25
-80.5,22.85,0.25,0.25
-80.45,22.85,0.25,0.25
-80.4,22.85,0.25,0.50
-80.35,22.85,0.25,0.50
-80.3,22.85,0.25,0.25
-80.25,22.85,0.25,0.25
-80.2,22.85,0.25,0.25
-80.15,22.85,0.25,0.25
-80.1,22.85,0.25,0.25
-79.95,22.85,0.25,0.25
-79.9,22.85,0.25,0.25
-79.85,22.85,0.25,0.25
-81.85,22.85,0.13,0.00
-83.2,22.85,0.00,0.00
-83.1,22.85,0.00,0.00
-82.15,22.85,0.00,0.00
-82.1,22.85,0.00,0.00
-82.05,22.85,0.00,0.00
-82,22.85,0.00,0.00
-81.95,22.85,0.00,0.00
-81.9,22.85,0.00,0.00
-83.3,22.9,1.00,1.00
-83.35,22.9,0.88,0.88
-83.25,22.9,0.88,0.88
-83.2,22.9,0.88,0.88
-83,22.9,0.88,0.88
-82.95,22.9,0.88,0.88
-82.9,22.9,0.88,0.88
-82.85,22.9,0.88,0.88
-83.15,22.9,0.75,0.75
-83.1,22.9,0.75,0.75
-83.05,22.9,0.75,0.75
-82.75,22.9,0.75,0.00
-82.7,22.9,0.75,0.00
-82.65,22.9,0.75,0.00
-82.6,22.9,0.75,0.00
-82.5,22.9,0.75,0.00
-81.35,22.9,0.75,0.75
-81.3,22.9,0.75,0.00
-82.8,22.9,0.63,0.00
-82.55,22.9,0.63,0.00
-81.25,22.9,0.63,0.00
-82.3,22.9,0.50,0.50
-82.45,22.9,0.38,0.38
-82.4,22.9,0.38,0.38
-82.25,22.9,0.38,0.38
-82.2,22.9,0.38,0.38
-81.85,22.9,0.38,0.75
-81.75,22.9,0.38,0.75
-81.65,22.9,0.38,0.75
-80.05,22.9,0.38,0.75
-80,22.9,0.38,0.38
-79.85,22.9,0.38,0.75
-83.4,22.9,0.25,0.00
-82.35,22.9,0.25,0.25
-82.15,22.9,0.25,0.25
-82.1,22.9,0.25,0.25
-82.05,22.9,0.25,0.25
-81.95,22.9,0.25,0.25
-81.8,22.9,0.25,0.50
-81.7,22.9,0.25,0.50
-81.6,22.9,0.25,0.50
-81.55,22.9,0.25,0.50
-81.5,22.9,0.25,0.50
-81.45,22.9,0.25,0.50
-81.4,22.9,0.25,0.50
-81.2,22.9,0.25,0.25
-81.15,22.9,0.25,0.25
-81.1,22.9,0.25,0.25
-81.05,22.9,0.25,0.50
-81,22.9,0.25,0.50
-80.95,22.9,0.25,0.25
-80.9,22.9,0.25,0.25
-80.85,22.9,0.25,0.00
-80.8,22.9,0.25,0.25
-80.75,22.9,0.25,0.25
-80.7,22.9,0.25,0.25
-80.65,22.9,0.25,0.25
-80.6,22.9,0.25,0.50
-80.55,22.9,0.25,0.25
-80.5,22.9,0.25,0.25
-80.45,22.9,0.25,0.50
-80.4,22.9,0.25,0.50
-80.35,22.9,0.25,0.50
-80.3,22.9,0.25,0.50
-80.25,22.9,0.25,0.25
-80.2,22.9,0.25,0.25
-80.15,22.9,0.25,0.50
-80.1,22.9,0.25,0.50
-79.8,22.9,0.25,0.50
-79.7,22.9,0.13,0.00
-82,22.9,0.00,0.00
-81.9,22.9,0.00,0.00
-83.3,22.95,1.00,0.00
-82.45,22.95,1.00,0.00
-83.2,22.95,0.88,0.88
-83,22.95,0.88,0.88
-82.35,22.95,0.88,0.00
-82,22.95,0.88,0.00
-81.35,22.95,0.88,0.88
-81.3,22.95,0.88,0.88
-83.15,22.95,0.75,0.75
-83.1,22.95,0.75,0.75
-83.05,22.95,0.75,0.75
-82.95,22.95,0.75,0.75
-82.85,22.95,0.75,0.75
-82.75,22.95,0.75,0.00
-82.7,22.95,0.75,0.00
-82.3,22.95,0.75,0.00
-82.25,22.95,0.75,0.00
-81.75,22.95,0.75,0.75
-83.25,22.95,0.63,0.00
-82.9,22.95,0.63,0.63
-82.8,22.95,0.63,0.00
-82.65,22.95,0.63,0.63
-82.6,22.95,0.63,0.00
-82.55,22.95,0.63,0.00
-82.5,22.95,0.63,0.00
-74.85,22.95,0.50,0.00
-82.4,22.95,0.38,0.38
-82.2,22.95,0.38,0.38
-80,22.95,0.38,0.75
-82.15,22.95,0.25,0.25
-82.1,22.95,0.25,0.25
-82.05,22.95,0.25,0.25
-81.95,22.95,0.25,0.50
-81.9,22.95,0.25,0.50
-81.85,22.95,0.25,0.50
-81.7,22.95,0.25,0.50
-81.65,22.95,0.25,0.50
-81.6,22.95,0.25,0.50
-81.55,22.95,0.25,0.50
-81.5,22.95,0.25,0.50
-81.45,22.95,0.25,0.50
-81.4,22.95,0.25,0.50
-81.25,22.95,0.25,0.50
-81.2,22.95,0.25,0.50
-81.15,22.95,0.25,0.50
-81.1,22.95,0.25,0.25
-81.05,22.95,0.25,0.25
-81,22.95,0.25,0.00
-80.95,22.95,0.25,0.50
-80.9,22.95,0.25,0.25
-80.85,22.95,0.25,0.25
-80.8,22.95,0.25,0.00
-80.75,22.95,0.25,0.00
-80.7,22.95,0.25,0.25
-80.65,22.95,0.25,0.50
-80.6,22.95,0.25,0.25
-80.55,22.95,0.25,0.25
-80.5,22.95,0.25,0.25
-80.45,22.95,0.25,0.25
-80.4,22.95,0.25,0.50
-80.35,22.95,0.25,0.25
-80.3,22.95,0.25,0.25
-80.15,22.95,0.25,0.50
-80.1,22.95,0.25,0.50
-80.05,22.95,0.25,0.25
-81.8,22.95,0.13,0.25
-82.4,23,1.00,0.00
-83.2,23,0.88,0.00
-83.15,23,0.88,0.88
-83,23,0.88,0.88
-82.35,23,0.88,0.00
-82.05,23,0.88,0.00
-82,23,0.88,0.00
-81.95,23,0.88,0.00
-81.85,23,0.88,0.88
-83.25,23,0.75,0.75
-83.1,23,0.75,0.75
-83.05,23,0.75,0.75
-82.8,23,0.75,0.75
-82.7,23,0.75,0.75
-82.45,23,0.75,0.00
-82.3,23,0.75,0.00
-82.25,23,0.75,0.00
-82.2,23,0.75,0.00
-82.1,23,0.75,0.00
-81.65,23,0.75,0.75
-81.6,23,0.75,0.75
-82.9,23,0.63,0.00
-82.85,23,0.63,0.63
-82.75,23,0.63,0.00
-82.65,23,0.63,0.63
-82.6,23,0.63,0.63
-82.55,23,0.63,0.00
-82.5,23,0.63,0.00
-82.15,23,0.50,0.50
-74.85,23,0.50,0.00
-81.75,23,0.38,0.75
-81.9,23,0.25,0.50
-81.8,23,0.25,0.50
-81.7,23,0.25,0.50
-81.55,23,0.25,0.50
-81.5,23,0.25,0.50
-81.45,23,0.25,0.50
-81.4,23,0.25,0.50
-81.35,23,0.25,0.50
-81.3,23,0.25,0.50
-81.25,23,0.25,0.50
-81.2,23,0.25,0.50
-81.15,23,0.25,0.50
-81.1,23,0.25,0.25
-81.05,23,0.25,0.00
-81,23,0.25,0.25
-80.95,23,0.25,0.25
-80.9,23,0.25,0.25
-80.85,23,0.25,0.25
-80.8,23,0.25,0.25
-80.75,23,0.25,0.50
-80.7,23,0.25,0.50
-80.65,23,0.25,0.50
-80.6,23,0.25,0.50
-80.55,23,0.25,0.50
-80.5,23,0.25,0.50
-80.45,23,0.25,0.50
-80.3,23,0.25,0.50
-80.25,23,0.25,0.50
-82.65,23.05,0.88,0.88
-82.1,23.05,0.88,0.00
-82.05,23.05,0.88,0.00
-82,23.05,0.88,0.88
-81.95,23.05,0.88,0.88
-81.9,23.05,0.88,0.88
-81.25,23.05,0.88,0.88
-82.85,23.05,0.75,0.75
-82.8,23.05,0.75,0.75
-82.7,23.05,0.75,0.00
-82.5,23.05,0.75,0.00
-82.45,23.05,0.75,0.75
-82.4,23.05,0.75,0.00
-82.25,23.05,0.75,0.00
-82.2,23.05,0.75,0.00
-81.75,23.05,0.75,0.75
-81.7,23.05,0.75,0.75
-81.65,23.05,0.75,0.75
-82.75,23.05,0.63,0.00
-82.6,23.05,0.63,0.00
-82.55,23.05,0.63,0.63
-82.35,23.05,0.63,0.63
-82.3,23.05,0.63,0.63
-82.15,23.05,0.63,0.00
-81.85,23.05,0.38,0.75
-81.8,23.05,0.38,0.75
-81.45,23.05,0.38,0.38
-80,23.05,0.38,0.75
-74.9,23.05,0.38,0.00
-81.6,23.05,0.25,0.50
-81.55,23.05,0.25,0.50
-81.5,23.05,0.25,0.50
-81.4,23.05,0.25,0.50
-81.35,23.05,0.25,0.50
-81.3,23.05,0.25,0.50
-81.2,23.05,0.25,0.50
-81.15,23.05,0.25,0.50
-81.1,23.05,0.25,0.00
-81.05,23.05,0.25,0.50
-81,23.05,0.25,0.50
-80.95,23.05,0.25,0.50
-80.9,23.05,0.25,0.25
-80.85,23.05,0.25,0.50
-80.8,23.05,0.25,0.25
-80.75,23.05,0.25,0.25
-80.7,23.05,0.25,0.50
-80.65,23.05,0.25,0.25
-80.6,23.05,0.25,0.50
-80.55,23.05,0.25,0.50
-80.2,23.05,0.25,0.50
-80.1,23.05,0.25,0.50
-82.3,23.1,1.00,1.00
-82.25,23.1,1.00,1.00
-82.2,23.1,1.00,0.00
-82.1,23.1,1.00,0.00
-82.05,23.1,1.00,0.00
-82,23.1,1.00,1.00
-81.65,23.1,1.00,1.00
-82.45,23.1,0.88,0.88
-82.15,23.1,0.88,0.00
-81.75,23.1,0.88,0.88
-81.7,23.1,0.88,0.88
-81.95,23.1,0.75,0.00
-81.6,23.1,0.75,0.75
-81.55,23.1,0.75,0.75
-82.5,23.1,0.63,0.00
-73.75,23.1,0.63,0.00
-82.4,23.1,0.50,0.50
-81.9,23.1,0.38,0.38
-81.85,23.1,0.38,0.75
-81.8,23.1,0.38,0.75
-80.15,23.1,0.38,0.75
-80.05,23.1,0.38,0.75
-74.95,23.1,0.38,0.00
-74.9,23.1,0.38,0.00
-81.45,23.1,0.25,0.50
-81.4,23.1,0.25,0.50
-81.35,23.1,0.25,0.50
-81.3,23.1,0.25,0.50
-81.25,23.1,0.25,0.50
-81.2,23.1,0.25,0.50
-81.05,23.1,0.25,0.50
-81,23.1,0.25,0.50
-80.85,23.1,0.25,0.50
-80.8,23.1,0.25,0.50
-80.75,23.1,0.25,0.25
-80.7,23.1,0.25,0.25
-80.65,23.1,0.25,0.25
-80.6,23.1,0.25,0.25
-82.35,23.1,0.00,0.00
-81.8,23.15,1.00,0.00
-82.3,23.15,0.88,0.00
-82.25,23.15,0.88,0.00
-82.2,23.15,0.88,0.88
-82.15,23.15,0.88,0.00
-82.1,23.15,0.88,0.00
-82.05,23.15,0.88,0.00
-81.95,23.15,0.88,0.00
-81.75,23.15,0.88,0.88
-81.7,23.15,0.88,0.88
-81.65,23.15,0.88,0.88
-82.35,23.15,0.75,0.75
-82,23.15,0.75,0.00
-81.9,23.15,0.75,0.00
-81.6,23.15,0.75,0.75
-81.55,23.15,0.75,0.00
-82.4,23.15,0.63,0.63
-80.2,23.15,0.50,1.00
-81.85,23.15,0.38,0.38
-80.25,23.15,0.38,0.75
-81.3,23.15,0.25,0.50
-75.1,23.15,0.25,0.00
-82.25,23.2,0.88,0.88
-82.2,23.2,0.88,0.00
-82.15,23.2,0.88,0.00
-82.1,23.2,0.88,0.00
-82.05,23.2,0.88,0.00
-82,23.2,0.75,0.00
-75.05,23.2,0.50,1.00
-81.2,23.2,0.38,0.75
-80.45,23.2,0.38,0.75
-75.15,23.2,0.38,0.00
-80.85,23.2,0.25,0.50
-80.8,23.2,0.25,0.50
-75.1,23.25,0.50,1.00
-80.8,23.25,0.38,0.75
-81,23.25,0.25,0.50
-75.15,23.45,0.38,0.00
-75.55,23.45,0.25,0.50
-75.2,23.5,0.38,0.00
-75.85,23.5,0.25,0.00
-75.75,23.5,0.25,0.50
-75.7,23.5,0.25,0.00
-75.8,23.5,0.13,0.25
